INSERT INTO dycicle.USUARIO VALUES ('a1','1@gmai.com',5,'a','123456','now');
INSERT INTO dycicle.ESTUDIANTE (NombreUsuario,PrimerNombre,PrimerApellido,CarreraEst) VALUES ('a1','a','b','Ingenieria de Computacion');
INSERT INTO dycicle.GESTION VALUES ('a1','Bolivia','Universidad Privada Santa Cruz de la Sierra','4','1','0','3','4','5','4','4','1','1','2','2','2','0','4','5');

INSERT INTO dycicle.USUARIO VALUES ('a2','2@gmai.com',5,'a','123456','now');
INSERT INTO dycicle.ESTUDIANTE (NombreUsuario,PrimerNombre,PrimerApellido,CarreraEst) VALUES ('a2','a','b','Ingenieria de Computacion');
INSERT INTO dycicle.GESTION VALUES ('a2','Polonia','AGH Universidad de Ciencias y Tecnologia','1','2','1','2','0','3','1','5','2','1','3','1','0','5','1','3');

INSERT INTO dycicle.USUARIO VALUES ('a3','3@gmai.com',5,'a','123456','now');
INSERT INTO dycicle.ESTUDIANTE (NombreUsuario,PrimerNombre,PrimerApellido,CarreraEst) VALUES ('a3','a','b','Ingenieria de Computacion');
INSERT INTO dycicle.GESTION VALUES ('a3','Alemania','Universidad de Siegen','5','4','0','5','4','5','4','2','5','5','0','5','4','0','0','5');

INSERT INTO dycicle.USUARIO VALUES ('a4','4@gmai.com',5,'a','123456','now');
INSERT INTO dycicle.ESTUDIANTE (NombreUsuario,PrimerNombre,PrimerApellido,CarreraEst) VALUES ('a4','a','b','Ingenieria de Materiales');
INSERT INTO dycicle.GESTION VALUES ('a4','Brasil','Universidad Estadual de Campinas','0','0','5','2','3','3','3','1','5','1','1','4','3','0','1','2');

INSERT INTO dycicle.USUARIO VALUES ('a5','5@gmai.com',5,'a','123456','now');
INSERT INTO dycicle.ESTUDIANTE (NombreUsuario,PrimerNombre,PrimerApellido,CarreraEst) VALUES ('a5','a','b','Ingenieria de Materiales');
INSERT INTO dycicle.GESTION VALUES ('a5','Colombia','Universidad del Valle','1','4','5','2','2','3','2','3','0','3','1','1','1','3','0','2');

INSERT INTO dycicle.USUARIO VALUES ('a6','6@gmai.com',5,'a','123456','now');
INSERT INTO dycicle.ESTUDIANTE (NombreUsuario,PrimerNombre,PrimerApellido,CarreraEst) VALUES ('a6','a','b','Ingenieria de Computacion');
INSERT INTO dycicle.GESTION VALUES ('a6','Colombia','Universidad del Valle','3','3','2','1','0','0','2','5','3','0','5','4','4','0','0','1');

INSERT INTO dycicle.USUARIO VALUES ('a7','7@gmai.com',5,'a','123456','now');
INSERT INTO dycicle.ESTUDIANTE (NombreUsuario,PrimerNombre,PrimerApellido,CarreraEst) VALUES ('a7','a','b','Ingenieria de Materiales');
INSERT INTO dycicle.GESTION VALUES ('a7','Argentina','Universidad Nacional de Cuyo','0','1','3','4','3','0','1','2','1','0','5','3','1','2','2','4');

INSERT INTO dycicle.USUARIO VALUES ('a8','8@gmai.com',5,'a','123456','now');
INSERT INTO dycicle.ESTUDIANTE (NombreUsuario,PrimerNombre,PrimerApellido,CarreraEst) VALUES ('a8','a','b','Ingenieria de Materiales');
INSERT INTO dycicle.GESTION VALUES ('a8','Brasil','Universidad Estadual de Campinas','5','2','1','4','4','1','0','0','5','5','0','1','3','3','0','3');

INSERT INTO dycicle.USUARIO VALUES ('a9','9@gmai.com',5,'a','123456','now');
INSERT INTO dycicle.ESTUDIANTE (NombreUsuario,PrimerNombre,PrimerApellido,CarreraEst) VALUES ('a9','a','b','Ingenieria de Computacion');
INSERT INTO dycicle.GESTION VALUES ('a9','Argentina','Universidad Nacional de Cuyo','4','3','4','5','0','3','0','4','4','2','5','3','3','2','3','4');

INSERT INTO dycicle.USUARIO VALUES ('a10','10@gmai.com',5,'a','123456','now');
INSERT INTO dycicle.ESTUDIANTE (NombreUsuario,PrimerNombre,PrimerApellido,CarreraEst) VALUES ('a10','a','b','Ingenieria de Computacion');
INSERT INTO dycicle.GESTION VALUES ('a10','Brasil','Universidad Estadual de Campinas','2','5','1','5','2','5','1','1','1','0','5','5','2','5','0','5');

INSERT INTO dycicle.USUARIO VALUES ('a11','11@gmai.com',5,'a','123456','now');
INSERT INTO dycicle.ESTUDIANTE (NombreUsuario,PrimerNombre,PrimerApellido,CarreraEst) VALUES ('a11','a','b','Ingenieria de Computacion');
INSERT INTO dycicle.GESTION VALUES ('a11','Argentina','Universidad Nacional de Cuyo','0','5','1','5','2','4','0','5','5','0','4','2','4','1','0','4');

INSERT INTO dycicle.USUARIO VALUES ('a12','12@gmai.com',5,'a','123456','now');
INSERT INTO dycicle.ESTUDIANTE (NombreUsuario,PrimerNombre,PrimerApellido,CarreraEst) VALUES ('a12','a','b','Ingenieria de Computacion');
INSERT INTO dycicle.GESTION VALUES ('a12','Brasil','Universidad Estadual de Campinas','5','2','3','0','3','3','2','2','4','3','2','2','0','2','4','3');

INSERT INTO dycicle.USUARIO VALUES ('a13','13@gmai.com',5,'a','123456','now');
INSERT INTO dycicle.ESTUDIANTE (NombreUsuario,PrimerNombre,PrimerApellido,CarreraEst) VALUES ('a13','a','b','Ingenieria de Materiales');
INSERT INTO dycicle.GESTION VALUES ('a13','Brasil','Universidad Estadual de Campinas','1','2','3','2','5','4','0','4','1','5','1','4','1','0','3','1');

INSERT INTO dycicle.USUARIO VALUES ('a14','14@gmai.com',5,'a','123456','now');
INSERT INTO dycicle.ESTUDIANTE (NombreUsuario,PrimerNombre,PrimerApellido,CarreraEst) VALUES ('a14','a','b','Ingenieria de Materiales');
INSERT INTO dycicle.GESTION VALUES ('a14','Colombia','Universidad del Valle','5','2','4','1','0','5','0','0','4','4','3','3','5','1','2','2');

INSERT INTO dycicle.USUARIO VALUES ('a15','15@gmai.com',5,'a','123456','now');
INSERT INTO dycicle.ESTUDIANTE (NombreUsuario,PrimerNombre,PrimerApellido,CarreraEst) VALUES ('a15','a','b','Ingenieria de Materiales');
INSERT INTO dycicle.GESTION VALUES ('a15','Argentina','Universidad Nacional de Cuyo','1','5','1','2','5','1','2','2','3','4','3','4','1','0','0','1');

INSERT INTO dycicle.USUARIO VALUES ('a16','16@gmai.com',5,'a','123456','now');
INSERT INTO dycicle.ESTUDIANTE (NombreUsuario,PrimerNombre,PrimerApellido,CarreraEst) VALUES ('a16','a','b','Ingenieria de Materiales');
INSERT INTO dycicle.GESTION VALUES ('a16','Colombia','Universidad del Valle','0','0','3','2','1','4','2','4','5','3','0','0','2','2','5','2');

INSERT INTO dycicle.USUARIO VALUES ('a17','17@gmai.com',5,'a','123456','now');
INSERT INTO dycicle.ESTUDIANTE (NombreUsuario,PrimerNombre,PrimerApellido,CarreraEst) VALUES ('a17','a','b','Ingenieria de Computacion');
INSERT INTO dycicle.GESTION VALUES ('a17','Argentina','Universidad Nacional de Cuyo','3','4','0','5','2','2','3','1','2','5','1','5','2','0','1','4');

INSERT INTO dycicle.USUARIO VALUES ('a18','18@gmai.com',5,'a','123456','now');
INSERT INTO dycicle.ESTUDIANTE (NombreUsuario,PrimerNombre,PrimerApellido,CarreraEst) VALUES ('a18','a','b','Ingenieria de Computacion');
INSERT INTO dycicle.GESTION VALUES ('a18','Polonia','AGH Universidad de Ciencias y Tecnologia','1','1','3','5','3','4','3','4','5','3','2','2','0','2','1','0');

INSERT INTO dycicle.USUARIO VALUES ('a19','19@gmai.com',5,'a','123456','now');
INSERT INTO dycicle.ESTUDIANTE (NombreUsuario,PrimerNombre,PrimerApellido,CarreraEst) VALUES ('a19','a','b','Ingenieria de Computacion');
INSERT INTO dycicle.GESTION VALUES ('a19','Polonia','AGH Universidad de Ciencias y Tecnologia','3','3','1','4','5','4','5','5','0','2','1','2','5','2','5','1');

INSERT INTO dycicle.USUARIO VALUES ('a20','20@gmai.com',5,'a','123456','now');
INSERT INTO dycicle.ESTUDIANTE (NombreUsuario,PrimerNombre,PrimerApellido,CarreraEst) VALUES ('a20','a','b','Ingenieria de Computacion');
INSERT INTO dycicle.GESTION VALUES ('a20','Argentina','Universidad Nacional de Cuyo','4','0','3','0','3','0','0','1','4','1','1','3','1','0','4','1');

INSERT INTO dycicle.USUARIO VALUES ('a21','21@gmai.com',5,'a','123456','now');
INSERT INTO dycicle.ESTUDIANTE (NombreUsuario,PrimerNombre,PrimerApellido,CarreraEst) VALUES ('a21','a','b','Ingenieria de Materiales');
INSERT INTO dycicle.GESTION VALUES ('a21','Bolivia','Universidad Privada Santa Cruz de la Sierra','3','0','4','1','0','2','2','0','1','5','4','2','1','1','1','5');

INSERT INTO dycicle.USUARIO VALUES ('a22','22@gmai.com',5,'a','123456','now');
INSERT INTO dycicle.ESTUDIANTE (NombreUsuario,PrimerNombre,PrimerApellido,CarreraEst) VALUES ('a22','a','b','Ingenieria de Materiales');
INSERT INTO dycicle.GESTION VALUES ('a22','Brasil','Universidad Estadual de Campinas','3','1','5','4','2','3','3','5','5','0','2','0','5','3','2','3');

INSERT INTO dycicle.USUARIO VALUES ('a23','23@gmai.com',5,'a','123456','now');
INSERT INTO dycicle.ESTUDIANTE (NombreUsuario,PrimerNombre,PrimerApellido,CarreraEst) VALUES ('a23','a','b','Ingenieria de Materiales');
INSERT INTO dycicle.GESTION VALUES ('a23','Polonia','AGH Universidad de Ciencias y Tecnologia','1','1','0','4','2','3','0','2','1','3','4','2','5','3','4','0');

INSERT INTO dycicle.USUARIO VALUES ('a24','24@gmai.com',5,'a','123456','now');
INSERT INTO dycicle.ESTUDIANTE (NombreUsuario,PrimerNombre,PrimerApellido,CarreraEst) VALUES ('a24','a','b','Ingenieria de Computacion');
INSERT INTO dycicle.GESTION VALUES ('a24','Polonia','AGH Universidad de Ciencias y Tecnologia','2','2','2','2','4','5','3','4','2','3','0','5','2','4','0','2');

INSERT INTO dycicle.USUARIO VALUES ('a25','25@gmai.com',5,'a','123456','now');
INSERT INTO dycicle.ESTUDIANTE (NombreUsuario,PrimerNombre,PrimerApellido,CarreraEst) VALUES ('a25','a','b','Ingenieria de Materiales');
INSERT INTO dycicle.GESTION VALUES ('a25','Colombia','Universidad del Valle','1','1','0','3','5','2','5','4','4','1','4','4','5','5','1','2');

INSERT INTO dycicle.USUARIO VALUES ('a26','26@gmai.com',5,'a','123456','now');
INSERT INTO dycicle.ESTUDIANTE (NombreUsuario,PrimerNombre,PrimerApellido,CarreraEst) VALUES ('a26','a','b','Ingenieria de Computacion');
INSERT INTO dycicle.GESTION VALUES ('a26','Argentina','Universidad Nacional de Cuyo','4','2','4','1','2','2','3','2','4','2','5','4','2','1','0','4');

INSERT INTO dycicle.USUARIO VALUES ('a27','27@gmai.com',5,'a','123456','now');
INSERT INTO dycicle.ESTUDIANTE (NombreUsuario,PrimerNombre,PrimerApellido,CarreraEst) VALUES ('a27','a','b','Ingenieria de Materiales');
INSERT INTO dycicle.GESTION VALUES ('a27','Brasil','Universidad Estadual de Campinas','3','0','5','5','1','5','1','4','4','0','2','3','0','3','0','1');

INSERT INTO dycicle.USUARIO VALUES ('a28','28@gmai.com',5,'a','123456','now');
INSERT INTO dycicle.ESTUDIANTE (NombreUsuario,PrimerNombre,PrimerApellido,CarreraEst) VALUES ('a28','a','b','Ingenieria de Materiales');
INSERT INTO dycicle.GESTION VALUES ('a28','Brasil','Universidad Estadual de Campinas','0','1','1','4','0','4','4','3','3','2','2','0','5','2','2','3');

INSERT INTO dycicle.USUARIO VALUES ('a29','29@gmai.com',5,'a','123456','now');
INSERT INTO dycicle.ESTUDIANTE (NombreUsuario,PrimerNombre,PrimerApellido,CarreraEst) VALUES ('a29','a','b','Ingenieria de Computacion');
INSERT INTO dycicle.GESTION VALUES ('a29','Polonia','AGH Universidad de Ciencias y Tecnologia','4','3','4','3','0','1','2','0','4','4','5','0','0','1','4','1');

INSERT INTO dycicle.USUARIO VALUES ('a30','30@gmai.com',5,'a','123456','now');
INSERT INTO dycicle.ESTUDIANTE (NombreUsuario,PrimerNombre,PrimerApellido,CarreraEst) VALUES ('a30','a','b','Ingenieria de Materiales');
INSERT INTO dycicle.GESTION VALUES ('a30','Argentina','Universidad Nacional de Cuyo','5','5','1','4','5','1','1','0','0','0','3','4','5','4','0','1');

INSERT INTO dycicle.USUARIO VALUES ('a31','31@gmai.com',5,'a','123456','now');
INSERT INTO dycicle.ESTUDIANTE (NombreUsuario,PrimerNombre,PrimerApellido,CarreraEst) VALUES ('a31','a','b','Ingenieria de Computacion');
INSERT INTO dycicle.GESTION VALUES ('a31','Polonia','AGH Universidad de Ciencias y Tecnologia','4','1','5','3','5','1','2','3','2','5','2','5','2','2','3','0');

INSERT INTO dycicle.USUARIO VALUES ('a32','32@gmai.com',5,'a','123456','now');
INSERT INTO dycicle.ESTUDIANTE (NombreUsuario,PrimerNombre,PrimerApellido,CarreraEst) VALUES ('a32','a','b','Ingenieria de Computacion');
INSERT INTO dycicle.GESTION VALUES ('a32','Bolivia','Universidad Privada Santa Cruz de la Sierra','2','3','0','1','4','0','3','2','1','4','1','2','3','4','2','3');

INSERT INTO dycicle.USUARIO VALUES ('a33','33@gmai.com',5,'a','123456','now');
INSERT INTO dycicle.ESTUDIANTE (NombreUsuario,PrimerNombre,PrimerApellido,CarreraEst) VALUES ('a33','a','b','Ingenieria de Materiales');
INSERT INTO dycicle.GESTION VALUES ('a33','Polonia','AGH Universidad de Ciencias y Tecnologia','3','4','0','4','4','0','5','1','3','1','5','3','0','2','2','2');

INSERT INTO dycicle.USUARIO VALUES ('a34','34@gmai.com',5,'a','123456','now');
INSERT INTO dycicle.ESTUDIANTE (NombreUsuario,PrimerNombre,PrimerApellido,CarreraEst) VALUES ('a34','a','b','Ingenieria de Computacion');
INSERT INTO dycicle.GESTION VALUES ('a34','Brasil','Universidad Estadual de Campinas','1','3','5','4','2','0','1','1','0','1','2','4','4','3','3','1');

INSERT INTO dycicle.USUARIO VALUES ('a35','35@gmai.com',5,'a','123456','now');
INSERT INTO dycicle.ESTUDIANTE (NombreUsuario,PrimerNombre,PrimerApellido,CarreraEst) VALUES ('a35','a','b','Ingenieria de Materiales');
INSERT INTO dycicle.GESTION VALUES ('a35','Bolivia','Universidad Privada Santa Cruz de la Sierra','3','3','1','2','4','3','0','1','4','1','5','1','1','2','3','4');

INSERT INTO dycicle.USUARIO VALUES ('a36','36@gmai.com',5,'a','123456','now');
INSERT INTO dycicle.ESTUDIANTE (NombreUsuario,PrimerNombre,PrimerApellido,CarreraEst) VALUES ('a36','a','b','Ingenieria de Computacion');
INSERT INTO dycicle.GESTION VALUES ('a36','Polonia','AGH Universidad de Ciencias y Tecnologia','4','2','0','4','5','4','0','4','4','4','0','0','3','4','4','1');

INSERT INTO dycicle.USUARIO VALUES ('a37','37@gmai.com',5,'a','123456','now');
INSERT INTO dycicle.ESTUDIANTE (NombreUsuario,PrimerNombre,PrimerApellido,CarreraEst) VALUES ('a37','a','b','Ingenieria de Computacion');
INSERT INTO dycicle.GESTION VALUES ('a37','Argentina','Universidad Nacional de Cuyo','1','3','3','1','2','2','3','0','3','1','2','2','4','4','2','4');

INSERT INTO dycicle.USUARIO VALUES ('a38','38@gmai.com',5,'a','123456','now');
INSERT INTO dycicle.ESTUDIANTE (NombreUsuario,PrimerNombre,PrimerApellido,CarreraEst) VALUES ('a38','a','b','Ingenieria de Materiales');
INSERT INTO dycicle.GESTION VALUES ('a38','Polonia','AGH Universidad de Ciencias y Tecnologia','0','3','1','3','4','1','0','3','1','1','0','0','4','5','5','0');

INSERT INTO dycicle.USUARIO VALUES ('a39','39@gmai.com',5,'a','123456','now');
INSERT INTO dycicle.ESTUDIANTE (NombreUsuario,PrimerNombre,PrimerApellido,CarreraEst) VALUES ('a39','a','b','Ingenieria de Computacion');
INSERT INTO dycicle.GESTION VALUES ('a39','Colombia','Universidad del Valle','0','4','4','1','3','5','4','4','3','5','0','5','4','2','1','3');

INSERT INTO dycicle.USUARIO VALUES ('a40','40@gmai.com',5,'a','123456','now');
INSERT INTO dycicle.ESTUDIANTE (NombreUsuario,PrimerNombre,PrimerApellido,CarreraEst) VALUES ('a40','a','b','Ingenieria de Computacion');
INSERT INTO dycicle.GESTION VALUES ('a40','Brasil','Universidad Estadual de Campinas','3','0','2','5','0','1','1','3','1','0','1','0','4','5','4','4');

INSERT INTO dycicle.USUARIO VALUES ('a41','41@gmai.com',5,'a','123456','now');
INSERT INTO dycicle.ESTUDIANTE (NombreUsuario,PrimerNombre,PrimerApellido,CarreraEst) VALUES ('a41','a','b','Ingenieria de Computacion');
INSERT INTO dycicle.GESTION VALUES ('a41','Bolivia','Universidad Privada Santa Cruz de la Sierra','2','3','1','2','0','2','2','5','0','0','1','2','5','2','4','5');

INSERT INTO dycicle.USUARIO VALUES ('a42','42@gmai.com',5,'a','123456','now');
INSERT INTO dycicle.ESTUDIANTE (NombreUsuario,PrimerNombre,PrimerApellido,CarreraEst) VALUES ('a42','a','b','Ingenieria de Computacion');
INSERT INTO dycicle.GESTION VALUES ('a42','Alemania','Universidad de Siegen','1','1','3','0','2','2','5','2','5','2','2','3','4','0','4','5');

INSERT INTO dycicle.USUARIO VALUES ('a43','43@gmai.com',5,'a','123456','now');
INSERT INTO dycicle.ESTUDIANTE (NombreUsuario,PrimerNombre,PrimerApellido,CarreraEst) VALUES ('a43','a','b','Ingenieria de Materiales');
INSERT INTO dycicle.GESTION VALUES ('a43','Bolivia','Universidad Privada Santa Cruz de la Sierra','4','3','4','5','0','3','3','1','2','1','5','5','5','2','5','1');

INSERT INTO dycicle.USUARIO VALUES ('a44','44@gmai.com',5,'a','123456','now');
INSERT INTO dycicle.ESTUDIANTE (NombreUsuario,PrimerNombre,PrimerApellido,CarreraEst) VALUES ('a44','a','b','Ingenieria de Materiales');
INSERT INTO dycicle.GESTION VALUES ('a44','Alemania','Universidad de Siegen','0','3','5','4','2','0','3','5','3','2','4','0','5','1','3','0');

INSERT INTO dycicle.USUARIO VALUES ('a45','45@gmai.com',5,'a','123456','now');
INSERT INTO dycicle.ESTUDIANTE (NombreUsuario,PrimerNombre,PrimerApellido,CarreraEst) VALUES ('a45','a','b','Ingenieria de Materiales');
INSERT INTO dycicle.GESTION VALUES ('a45','Polonia','AGH Universidad de Ciencias y Tecnologia','5','2','2','3','2','3','0','1','0','0','4','1','3','1','3','3');

INSERT INTO dycicle.USUARIO VALUES ('a46','46@gmai.com',5,'a','123456','now');
INSERT INTO dycicle.ESTUDIANTE (NombreUsuario,PrimerNombre,PrimerApellido,CarreraEst) VALUES ('a46','a','b','Ingenieria de Computacion');
INSERT INTO dycicle.GESTION VALUES ('a46','Colombia','Universidad del Valle','3','1','1','4','3','2','3','2','2','0','4','2','0','0','3','3');

INSERT INTO dycicle.USUARIO VALUES ('a47','47@gmai.com',5,'a','123456','now');
INSERT INTO dycicle.ESTUDIANTE (NombreUsuario,PrimerNombre,PrimerApellido,CarreraEst) VALUES ('a47','a','b','Ingenieria de Computacion');
INSERT INTO dycicle.GESTION VALUES ('a47','Argentina','Universidad Nacional de Cuyo','2','4','1','1','5','1','0','0','1','4','5','2','2','2','5','1');

INSERT INTO dycicle.USUARIO VALUES ('a48','48@gmai.com',5,'a','123456','now');
INSERT INTO dycicle.ESTUDIANTE (NombreUsuario,PrimerNombre,PrimerApellido,CarreraEst) VALUES ('a48','a','b','Ingenieria de Materiales');
INSERT INTO dycicle.GESTION VALUES ('a48','Bolivia','Universidad Privada Santa Cruz de la Sierra','3','1','3','0','5','2','3','1','5','1','2','3','4','5','0','2');

INSERT INTO dycicle.USUARIO VALUES ('a49','49@gmai.com',5,'a','123456','now');
INSERT INTO dycicle.ESTUDIANTE (NombreUsuario,PrimerNombre,PrimerApellido,CarreraEst) VALUES ('a49','a','b','Ingenieria de Materiales');
INSERT INTO dycicle.GESTION VALUES ('a49','Brasil','Universidad Estadual de Campinas','5','0','5','1','4','5','3','1','0','5','4','1','4','0','3','0');

INSERT INTO dycicle.USUARIO VALUES ('a50','50@gmai.com',5,'a','123456','now');
INSERT INTO dycicle.ESTUDIANTE (NombreUsuario,PrimerNombre,PrimerApellido,CarreraEst) VALUES ('a50','a','b','Ingenieria de Computacion');
INSERT INTO dycicle.GESTION VALUES ('a50','Bolivia','Universidad Privada Santa Cruz de la Sierra','4','1','2','3','3','1','0','5','1','4','5','1','3','2','2','4');

INSERT INTO dycicle.USUARIO VALUES ('a51','51@gmai.com',5,'a','123456','now');
INSERT INTO dycicle.ESTUDIANTE (NombreUsuario,PrimerNombre,PrimerApellido,CarreraEst) VALUES ('a51','a','b','Ingenieria de Computacion');
INSERT INTO dycicle.GESTION VALUES ('a51','Argentina','Universidad Nacional de Cuyo','0','5','5','1','0','3','3','5','5','1','2','1','5','0','4','5');

INSERT INTO dycicle.USUARIO VALUES ('a52','52@gmai.com',5,'a','123456','now');
INSERT INTO dycicle.ESTUDIANTE (NombreUsuario,PrimerNombre,PrimerApellido,CarreraEst) VALUES ('a52','a','b','Ingenieria de Materiales');
INSERT INTO dycicle.GESTION VALUES ('a52','Argentina','Universidad Nacional de Cuyo','1','1','2','2','5','1','3','0','0','2','1','2','5','1','0','0');

INSERT INTO dycicle.USUARIO VALUES ('a53','53@gmai.com',5,'a','123456','now');
INSERT INTO dycicle.ESTUDIANTE (NombreUsuario,PrimerNombre,PrimerApellido,CarreraEst) VALUES ('a53','a','b','Ingenieria de Computacion');
INSERT INTO dycicle.GESTION VALUES ('a53','Polonia','AGH Universidad de Ciencias y Tecnologia','5','4','0','2','4','0','0','4','5','3','3','4','0','3','0','3');

INSERT INTO dycicle.USUARIO VALUES ('a54','54@gmai.com',5,'a','123456','now');
INSERT INTO dycicle.ESTUDIANTE (NombreUsuario,PrimerNombre,PrimerApellido,CarreraEst) VALUES ('a54','a','b','Ingenieria de Computacion');
INSERT INTO dycicle.GESTION VALUES ('a54','Polonia','AGH Universidad de Ciencias y Tecnologia','3','1','0','3','4','3','1','3','1','2','3','0','1','0','5','2');

INSERT INTO dycicle.USUARIO VALUES ('a55','55@gmai.com',5,'a','123456','now');
INSERT INTO dycicle.ESTUDIANTE (NombreUsuario,PrimerNombre,PrimerApellido,CarreraEst) VALUES ('a55','a','b','Ingenieria de Computacion');
INSERT INTO dycicle.GESTION VALUES ('a55','Alemania','Universidad de Siegen','1','5','1','4','3','5','5','2','2','3','1','1','5','4','2','3');

INSERT INTO dycicle.USUARIO VALUES ('a56','56@gmai.com',5,'a','123456','now');
INSERT INTO dycicle.ESTUDIANTE (NombreUsuario,PrimerNombre,PrimerApellido,CarreraEst) VALUES ('a56','a','b','Ingenieria de Computacion');
INSERT INTO dycicle.GESTION VALUES ('a56','Bolivia','Universidad Privada Santa Cruz de la Sierra','2','1','4','0','1','4','5','3','4','4','4','0','4','5','1','2');

INSERT INTO dycicle.USUARIO VALUES ('a57','57@gmai.com',5,'a','123456','now');
INSERT INTO dycicle.ESTUDIANTE (NombreUsuario,PrimerNombre,PrimerApellido,CarreraEst) VALUES ('a57','a','b','Ingenieria de Materiales');
INSERT INTO dycicle.GESTION VALUES ('a57','Argentina','Universidad Nacional de Cuyo','0','2','1','1','1','3','4','2','2','1','2','3','3','4','4','2');

INSERT INTO dycicle.USUARIO VALUES ('a58','58@gmai.com',5,'a','123456','now');
INSERT INTO dycicle.ESTUDIANTE (NombreUsuario,PrimerNombre,PrimerApellido,CarreraEst) VALUES ('a58','a','b','Ingenieria de Materiales');
INSERT INTO dycicle.GESTION VALUES ('a58','Alemania','Universidad de Siegen','1','0','1','3','5','4','0','4','0','3','3','3','1','2','5','4');

INSERT INTO dycicle.USUARIO VALUES ('a59','59@gmai.com',5,'a','123456','now');
INSERT INTO dycicle.ESTUDIANTE (NombreUsuario,PrimerNombre,PrimerApellido,CarreraEst) VALUES ('a59','a','b','Ingenieria de Materiales');
INSERT INTO dycicle.GESTION VALUES ('a59','Colombia','Universidad del Valle','3','1','0','4','3','1','4','4','3','2','5','2','0','3','5','5');

INSERT INTO dycicle.USUARIO VALUES ('a60','60@gmai.com',5,'a','123456','now');
INSERT INTO dycicle.ESTUDIANTE (NombreUsuario,PrimerNombre,PrimerApellido,CarreraEst) VALUES ('a60','a','b','Ingenieria de Computacion');
INSERT INTO dycicle.GESTION VALUES ('a60','Argentina','Universidad Nacional de Cuyo','0','3','4','4','4','2','1','4','0','5','4','5','3','0','0','1');

INSERT INTO dycicle.USUARIO VALUES ('a61','61@gmai.com',5,'a','123456','now');
INSERT INTO dycicle.ESTUDIANTE (NombreUsuario,PrimerNombre,PrimerApellido,CarreraEst) VALUES ('a61','a','b','Ingenieria de Computacion');
INSERT INTO dycicle.GESTION VALUES ('a61','Argentina','Universidad Nacional de Cuyo','3','2','4','3','2','0','4','5','2','2','3','3','0','0','0','1');

INSERT INTO dycicle.USUARIO VALUES ('a62','62@gmai.com',5,'a','123456','now');
INSERT INTO dycicle.ESTUDIANTE (NombreUsuario,PrimerNombre,PrimerApellido,CarreraEst) VALUES ('a62','a','b','Ingenieria de Computacion');
INSERT INTO dycicle.GESTION VALUES ('a62','Argentina','Universidad Nacional de Cuyo','2','1','1','1','3','1','5','3','2','1','5','2','0','0','0','0');

INSERT INTO dycicle.USUARIO VALUES ('a63','63@gmai.com',5,'a','123456','now');
INSERT INTO dycicle.ESTUDIANTE (NombreUsuario,PrimerNombre,PrimerApellido,CarreraEst) VALUES ('a63','a','b','Ingenieria de Computacion');
INSERT INTO dycicle.GESTION VALUES ('a63','Alemania','Universidad de Siegen','1','2','2','4','0','4','0','4','0','1','0','0','0','2','0','3');

INSERT INTO dycicle.USUARIO VALUES ('a64','64@gmai.com',5,'a','123456','now');
INSERT INTO dycicle.ESTUDIANTE (NombreUsuario,PrimerNombre,PrimerApellido,CarreraEst) VALUES ('a64','a','b','Ingenieria de Computacion');
INSERT INTO dycicle.GESTION VALUES ('a64','Colombia','Universidad del Valle','2','2','1','3','1','4','5','2','0','5','3','5','1','1','3','3');

INSERT INTO dycicle.USUARIO VALUES ('a65','65@gmai.com',5,'a','123456','now');
INSERT INTO dycicle.ESTUDIANTE (NombreUsuario,PrimerNombre,PrimerApellido,CarreraEst) VALUES ('a65','a','b','Ingenieria de Materiales');
INSERT INTO dycicle.GESTION VALUES ('a65','Argentina','Universidad Nacional de Cuyo','4','0','3','0','3','3','3','1','5','1','3','1','2','0','0','2');

INSERT INTO dycicle.USUARIO VALUES ('a66','66@gmai.com',5,'a','123456','now');
INSERT INTO dycicle.ESTUDIANTE (NombreUsuario,PrimerNombre,PrimerApellido,CarreraEst) VALUES ('a66','a','b','Ingenieria de Materiales');
INSERT INTO dycicle.GESTION VALUES ('a66','Brasil','Universidad Estadual de Campinas','0','5','4','3','4','4','3','3','1','0','2','0','2','1','4','3');

INSERT INTO dycicle.USUARIO VALUES ('a67','67@gmai.com',5,'a','123456','now');
INSERT INTO dycicle.ESTUDIANTE (NombreUsuario,PrimerNombre,PrimerApellido,CarreraEst) VALUES ('a67','a','b','Ingenieria de Computacion');
INSERT INTO dycicle.GESTION VALUES ('a67','Brasil','Universidad Estadual de Campinas','2','2','0','4','4','5','1','5','4','1','4','3','5','2','0','5');

INSERT INTO dycicle.USUARIO VALUES ('a68','68@gmai.com',5,'a','123456','now');
INSERT INTO dycicle.ESTUDIANTE (NombreUsuario,PrimerNombre,PrimerApellido,CarreraEst) VALUES ('a68','a','b','Ingenieria de Materiales');
INSERT INTO dycicle.GESTION VALUES ('a68','Alemania','Universidad de Siegen','0','5','5','5','3','3','3','4','2','1','4','0','3','3','2','5');

INSERT INTO dycicle.USUARIO VALUES ('a69','69@gmai.com',5,'a','123456','now');
INSERT INTO dycicle.ESTUDIANTE (NombreUsuario,PrimerNombre,PrimerApellido,CarreraEst) VALUES ('a69','a','b','Ingenieria de Computacion');
INSERT INTO dycicle.GESTION VALUES ('a69','Colombia','Universidad del Valle','3','5','2','0','4','1','1','3','4','3','4','0','4','3','3','4');

INSERT INTO dycicle.USUARIO VALUES ('a70','70@gmai.com',5,'a','123456','now');
INSERT INTO dycicle.ESTUDIANTE (NombreUsuario,PrimerNombre,PrimerApellido,CarreraEst) VALUES ('a70','a','b','Ingenieria de Computacion');
INSERT INTO dycicle.GESTION VALUES ('a70','Argentina','Universidad Nacional de Cuyo','2','1','4','2','2','4','4','1','3','1','1','0','2','0','2','1');

INSERT INTO dycicle.USUARIO VALUES ('a71','71@gmai.com',5,'a','123456','now');
INSERT INTO dycicle.ESTUDIANTE (NombreUsuario,PrimerNombre,PrimerApellido,CarreraEst) VALUES ('a71','a','b','Ingenieria de Materiales');
INSERT INTO dycicle.GESTION VALUES ('a71','Alemania','Universidad de Siegen','0','3','2','4','4','1','4','2','0','5','2','3','1','4','2','4');

INSERT INTO dycicle.USUARIO VALUES ('a72','72@gmai.com',5,'a','123456','now');
INSERT INTO dycicle.ESTUDIANTE (NombreUsuario,PrimerNombre,PrimerApellido,CarreraEst) VALUES ('a72','a','b','Ingenieria de Materiales');
INSERT INTO dycicle.GESTION VALUES ('a72','Bolivia','Universidad Privada Santa Cruz de la Sierra','1','5','2','4','5','4','0','0','5','1','5','5','4','5','1','5');

INSERT INTO dycicle.USUARIO VALUES ('a73','73@gmai.com',5,'a','123456','now');
INSERT INTO dycicle.ESTUDIANTE (NombreUsuario,PrimerNombre,PrimerApellido,CarreraEst) VALUES ('a73','a','b','Ingenieria de Computacion');
INSERT INTO dycicle.GESTION VALUES ('a73','Polonia','AGH Universidad de Ciencias y Tecnologia','1','4','4','0','4','3','1','1','5','4','0','5','4','0','2','1');

INSERT INTO dycicle.USUARIO VALUES ('a74','74@gmai.com',5,'a','123456','now');
INSERT INTO dycicle.ESTUDIANTE (NombreUsuario,PrimerNombre,PrimerApellido,CarreraEst) VALUES ('a74','a','b','Ingenieria de Materiales');
INSERT INTO dycicle.GESTION VALUES ('a74','Colombia','Universidad del Valle','5','3','4','0','4','1','1','4','1','3','2','0','1','2','2','5');

INSERT INTO dycicle.USUARIO VALUES ('a75','75@gmai.com',5,'a','123456','now');
INSERT INTO dycicle.ESTUDIANTE (NombreUsuario,PrimerNombre,PrimerApellido,CarreraEst) VALUES ('a75','a','b','Ingenieria de Materiales');
INSERT INTO dycicle.GESTION VALUES ('a75','Polonia','AGH Universidad de Ciencias y Tecnologia','3','0','4','2','3','3','4','2','1','1','4','1','4','0','4','4');

INSERT INTO dycicle.USUARIO VALUES ('a76','76@gmai.com',5,'a','123456','now');
INSERT INTO dycicle.ESTUDIANTE (NombreUsuario,PrimerNombre,PrimerApellido,CarreraEst) VALUES ('a76','a','b','Ingenieria de Computacion');
INSERT INTO dycicle.GESTION VALUES ('a76','Argentina','Universidad Nacional de Cuyo','0','4','5','1','1','2','2','1','0','4','3','4','4','4','2','3');

INSERT INTO dycicle.USUARIO VALUES ('a77','77@gmai.com',5,'a','123456','now');
INSERT INTO dycicle.ESTUDIANTE (NombreUsuario,PrimerNombre,PrimerApellido,CarreraEst) VALUES ('a77','a','b','Ingenieria de Computacion');
INSERT INTO dycicle.GESTION VALUES ('a77','Bolivia','Universidad Privada Santa Cruz de la Sierra','2','1','1','3','4','1','4','1','2','1','4','0','0','2','3','1');

INSERT INTO dycicle.USUARIO VALUES ('a78','78@gmai.com',5,'a','123456','now');
INSERT INTO dycicle.ESTUDIANTE (NombreUsuario,PrimerNombre,PrimerApellido,CarreraEst) VALUES ('a78','a','b','Ingenieria de Materiales');
INSERT INTO dycicle.GESTION VALUES ('a78','Colombia','Universidad del Valle','0','3','0','1','5','3','4','4','1','1','5','3','1','2','0','2');

INSERT INTO dycicle.USUARIO VALUES ('a79','79@gmai.com',5,'a','123456','now');
INSERT INTO dycicle.ESTUDIANTE (NombreUsuario,PrimerNombre,PrimerApellido,CarreraEst) VALUES ('a79','a','b','Ingenieria de Materiales');
INSERT INTO dycicle.GESTION VALUES ('a79','Bolivia','Universidad Privada Santa Cruz de la Sierra','4','3','2','2','5','5','4','1','2','4','3','0','2','3','5','5');

INSERT INTO dycicle.USUARIO VALUES ('a80','80@gmai.com',5,'a','123456','now');
INSERT INTO dycicle.ESTUDIANTE (NombreUsuario,PrimerNombre,PrimerApellido,CarreraEst) VALUES ('a80','a','b','Ingenieria de Computacion');
INSERT INTO dycicle.GESTION VALUES ('a80','Polonia','AGH Universidad de Ciencias y Tecnologia','2','1','4','3','0','5','0','5','5','5','4','4','0','3','1','5');

INSERT INTO dycicle.USUARIO VALUES ('a81','81@gmai.com',5,'a','123456','now');
INSERT INTO dycicle.ESTUDIANTE (NombreUsuario,PrimerNombre,PrimerApellido,CarreraEst) VALUES ('a81','a','b','Ingenieria de Materiales');
INSERT INTO dycicle.GESTION VALUES ('a81','Alemania','Universidad de Siegen','3','1','0','3','1','2','0','0','4','3','0','5','5','1','2','5');

INSERT INTO dycicle.USUARIO VALUES ('a82','82@gmai.com',5,'a','123456','now');
INSERT INTO dycicle.ESTUDIANTE (NombreUsuario,PrimerNombre,PrimerApellido,CarreraEst) VALUES ('a82','a','b','Ingenieria de Computacion');
INSERT INTO dycicle.GESTION VALUES ('a82','Polonia','AGH Universidad de Ciencias y Tecnologia','0','4','0','2','5','0','4','2','0','5','5','2','1','0','3','3');

INSERT INTO dycicle.USUARIO VALUES ('a83','83@gmai.com',5,'a','123456','now');
INSERT INTO dycicle.ESTUDIANTE (NombreUsuario,PrimerNombre,PrimerApellido,CarreraEst) VALUES ('a83','a','b','Ingenieria de Computacion');
INSERT INTO dycicle.GESTION VALUES ('a83','Alemania','Universidad de Siegen','5','5','2','4','4','4','5','0','3','4','5','3','0','1','4','5');

INSERT INTO dycicle.USUARIO VALUES ('a84','84@gmai.com',5,'a','123456','now');
INSERT INTO dycicle.ESTUDIANTE (NombreUsuario,PrimerNombre,PrimerApellido,CarreraEst) VALUES ('a84','a','b','Ingenieria de Computacion');
INSERT INTO dycicle.GESTION VALUES ('a84','Bolivia','Universidad Privada Santa Cruz de la Sierra','4','4','2','0','3','4','3','2','4','2','0','4','5','0','1','3');

INSERT INTO dycicle.USUARIO VALUES ('a85','85@gmai.com',5,'a','123456','now');
INSERT INTO dycicle.ESTUDIANTE (NombreUsuario,PrimerNombre,PrimerApellido,CarreraEst) VALUES ('a85','a','b','Ingenieria de Computacion');
INSERT INTO dycicle.GESTION VALUES ('a85','Polonia','AGH Universidad de Ciencias y Tecnologia','1','1','0','4','5','5','2','1','2','0','5','0','3','2','5','2');

INSERT INTO dycicle.USUARIO VALUES ('a86','86@gmai.com',5,'a','123456','now');
INSERT INTO dycicle.ESTUDIANTE (NombreUsuario,PrimerNombre,PrimerApellido,CarreraEst) VALUES ('a86','a','b','Ingenieria de Computacion');
INSERT INTO dycicle.GESTION VALUES ('a86','Brasil','Universidad Estadual de Campinas','2','0','0','3','0','2','4','0','2','4','2','5','3','0','4','1');

INSERT INTO dycicle.USUARIO VALUES ('a87','87@gmai.com',5,'a','123456','now');
INSERT INTO dycicle.ESTUDIANTE (NombreUsuario,PrimerNombre,PrimerApellido,CarreraEst) VALUES ('a87','a','b','Ingenieria de Materiales');
INSERT INTO dycicle.GESTION VALUES ('a87','Bolivia','Universidad Privada Santa Cruz de la Sierra','3','3','0','1','3','1','5','3','0','3','1','4','2','4','2','3');

INSERT INTO dycicle.USUARIO VALUES ('a88','88@gmai.com',5,'a','123456','now');
INSERT INTO dycicle.ESTUDIANTE (NombreUsuario,PrimerNombre,PrimerApellido,CarreraEst) VALUES ('a88','a','b','Ingenieria de Materiales');
INSERT INTO dycicle.GESTION VALUES ('a88','Colombia','Universidad del Valle','1','3','0','0','1','5','0','0','4','1','0','2','1','5','3','5');

INSERT INTO dycicle.USUARIO VALUES ('a89','89@gmai.com',5,'a','123456','now');
INSERT INTO dycicle.ESTUDIANTE (NombreUsuario,PrimerNombre,PrimerApellido,CarreraEst) VALUES ('a89','a','b','Ingenieria de Computacion');
INSERT INTO dycicle.GESTION VALUES ('a89','Colombia','Universidad del Valle','4','5','3','5','1','4','0','4','1','3','3','3','0','2','5','3');

INSERT INTO dycicle.USUARIO VALUES ('a90','90@gmai.com',5,'a','123456','now');
INSERT INTO dycicle.ESTUDIANTE (NombreUsuario,PrimerNombre,PrimerApellido,CarreraEst) VALUES ('a90','a','b','Ingenieria de Materiales');
INSERT INTO dycicle.GESTION VALUES ('a90','Brasil','Universidad Estadual de Campinas','3','4','2','2','5','1','4','1','4','1','4','1','4','1','3','4');

INSERT INTO dycicle.USUARIO VALUES ('a91','91@gmai.com',5,'a','123456','now');
INSERT INTO dycicle.ESTUDIANTE (NombreUsuario,PrimerNombre,PrimerApellido,CarreraEst) VALUES ('a91','a','b','Ingenieria de Computacion');
INSERT INTO dycicle.GESTION VALUES ('a91','Alemania','Universidad de Siegen','4','3','4','5','5','5','5','4','1','5','4','5','4','5','0','5');

INSERT INTO dycicle.USUARIO VALUES ('a92','92@gmai.com',5,'a','123456','now');
INSERT INTO dycicle.ESTUDIANTE (NombreUsuario,PrimerNombre,PrimerApellido,CarreraEst) VALUES ('a92','a','b','Ingenieria de Computacion');
INSERT INTO dycicle.GESTION VALUES ('a92','Bolivia','Universidad Privada Santa Cruz de la Sierra','5','2','5','3','2','0','0','5','4','1','3','5','1','5','2','5');

INSERT INTO dycicle.USUARIO VALUES ('a93','93@gmai.com',5,'a','123456','now');
INSERT INTO dycicle.ESTUDIANTE (NombreUsuario,PrimerNombre,PrimerApellido,CarreraEst) VALUES ('a93','a','b','Ingenieria de Computacion');
INSERT INTO dycicle.GESTION VALUES ('a93','Polonia','AGH Universidad de Ciencias y Tecnologia','5','4','1','5','0','1','1','0','1','0','1','5','2','4','3','5');

INSERT INTO dycicle.USUARIO VALUES ('a94','94@gmai.com',5,'a','123456','now');
INSERT INTO dycicle.ESTUDIANTE (NombreUsuario,PrimerNombre,PrimerApellido,CarreraEst) VALUES ('a94','a','b','Ingenieria de Materiales');
INSERT INTO dycicle.GESTION VALUES ('a94','Brasil','Universidad Estadual de Campinas','3','4','4','5','1','5','3','4','4','1','3','1','4','0','5','4');

INSERT INTO dycicle.USUARIO VALUES ('a95','95@gmai.com',5,'a','123456','now');
INSERT INTO dycicle.ESTUDIANTE (NombreUsuario,PrimerNombre,PrimerApellido,CarreraEst) VALUES ('a95','a','b','Ingenieria de Computacion');
INSERT INTO dycicle.GESTION VALUES ('a95','Polonia','AGH Universidad de Ciencias y Tecnologia','3','0','0','4','2','5','5','1','3','0','5','3','4','5','2','1');

INSERT INTO dycicle.USUARIO VALUES ('a96','96@gmai.com',5,'a','123456','now');
INSERT INTO dycicle.ESTUDIANTE (NombreUsuario,PrimerNombre,PrimerApellido,CarreraEst) VALUES ('a96','a','b','Ingenieria de Materiales');
INSERT INTO dycicle.GESTION VALUES ('a96','Brasil','Universidad Estadual de Campinas','5','4','2','3','3','4','1','1','0','3','3','4','0','1','0','5');

INSERT INTO dycicle.USUARIO VALUES ('a97','97@gmai.com',5,'a','123456','now');
INSERT INTO dycicle.ESTUDIANTE (NombreUsuario,PrimerNombre,PrimerApellido,CarreraEst) VALUES ('a97','a','b','Ingenieria de Computacion');
INSERT INTO dycicle.GESTION VALUES ('a97','Colombia','Universidad del Valle','0','0','3','2','4','4','2','3','2','0','2','1','5','5','2','2');

INSERT INTO dycicle.USUARIO VALUES ('a98','98@gmai.com',5,'a','123456','now');
INSERT INTO dycicle.ESTUDIANTE (NombreUsuario,PrimerNombre,PrimerApellido,CarreraEst) VALUES ('a98','a','b','Ingenieria de Computacion');
INSERT INTO dycicle.GESTION VALUES ('a98','Argentina','Universidad Nacional de Cuyo','1','5','0','1','2','2','1','1','1','1','4','4','0','4','0','1');

INSERT INTO dycicle.USUARIO VALUES ('a99','99@gmai.com',5,'a','123456','now');
INSERT INTO dycicle.ESTUDIANTE (NombreUsuario,PrimerNombre,PrimerApellido,CarreraEst) VALUES ('a99','a','b','Ingenieria de Computacion');
INSERT INTO dycicle.GESTION VALUES ('a99','Bolivia','Universidad Privada Santa Cruz de la Sierra','4','5','5','1','1','4','5','5','2','0','4','2','1','0','0','5');

INSERT INTO dycicle.USUARIO VALUES ('a100','100@gmai.com',5,'a','123456','now');
INSERT INTO dycicle.ESTUDIANTE (NombreUsuario,PrimerNombre,PrimerApellido,CarreraEst) VALUES ('a100','a','b','Ingenieria de Computacion');
INSERT INTO dycicle.GESTION VALUES ('a100','Brasil','Universidad Estadual de Campinas','3','4','0','2','2','5','2','4','1','4','1','2','0','2','0','4');

INSERT INTO dycicle.USUARIO VALUES ('a101','101@gmai.com',5,'a','123456','now');
INSERT INTO dycicle.ESTUDIANTE (NombreUsuario,PrimerNombre,PrimerApellido,CarreraEst) VALUES ('a101','a','b','Ingenieria de Computacion');
INSERT INTO dycicle.GESTION VALUES ('a101','Brasil','Universidad Estadual de Campinas','2','0','2','4','5','2','5','1','4','0','4','2','3','0','3','4');

INSERT INTO dycicle.USUARIO VALUES ('a102','102@gmai.com',5,'a','123456','now');
INSERT INTO dycicle.ESTUDIANTE (NombreUsuario,PrimerNombre,PrimerApellido,CarreraEst) VALUES ('a102','a','b','Ingenieria de Computacion');
INSERT INTO dycicle.GESTION VALUES ('a102','Brasil','Universidad Estadual de Campinas','4','2','5','4','2','3','0','2','0','0','2','5','2','5','2','0');

INSERT INTO dycicle.USUARIO VALUES ('a103','103@gmai.com',5,'a','123456','now');
INSERT INTO dycicle.ESTUDIANTE (NombreUsuario,PrimerNombre,PrimerApellido,CarreraEst) VALUES ('a103','a','b','Ingenieria de Materiales');
INSERT INTO dycicle.GESTION VALUES ('a103','Colombia','Universidad del Valle','4','5','1','0','1','1','1','2','0','4','5','5','5','3','0','5');

INSERT INTO dycicle.USUARIO VALUES ('a104','104@gmai.com',5,'a','123456','now');
INSERT INTO dycicle.ESTUDIANTE (NombreUsuario,PrimerNombre,PrimerApellido,CarreraEst) VALUES ('a104','a','b','Ingenieria de Materiales');
INSERT INTO dycicle.GESTION VALUES ('a104','Bolivia','Universidad Privada Santa Cruz de la Sierra','2','5','2','0','4','2','1','4','5','3','1','4','4','3','5','0');

INSERT INTO dycicle.USUARIO VALUES ('a105','105@gmai.com',5,'a','123456','now');
INSERT INTO dycicle.ESTUDIANTE (NombreUsuario,PrimerNombre,PrimerApellido,CarreraEst) VALUES ('a105','a','b','Ingenieria de Materiales');
INSERT INTO dycicle.GESTION VALUES ('a105','Polonia','AGH Universidad de Ciencias y Tecnologia','2','1','3','4','4','3','3','3','1','5','4','0','3','1','1','4');

INSERT INTO dycicle.USUARIO VALUES ('a106','106@gmai.com',5,'a','123456','now');
INSERT INTO dycicle.ESTUDIANTE (NombreUsuario,PrimerNombre,PrimerApellido,CarreraEst) VALUES ('a106','a','b','Ingenieria de Computacion');
INSERT INTO dycicle.GESTION VALUES ('a106','Alemania','Universidad de Siegen','4','3','5','0','4','3','1','2','0','4','2','4','1','1','3','1');

INSERT INTO dycicle.USUARIO VALUES ('a107','107@gmai.com',5,'a','123456','now');
INSERT INTO dycicle.ESTUDIANTE (NombreUsuario,PrimerNombre,PrimerApellido,CarreraEst) VALUES ('a107','a','b','Ingenieria de Materiales');
INSERT INTO dycicle.GESTION VALUES ('a107','Colombia','Universidad del Valle','5','1','0','5','4','5','0','0','1','5','0','0','5','0','2','5');

INSERT INTO dycicle.USUARIO VALUES ('a108','108@gmai.com',5,'a','123456','now');
INSERT INTO dycicle.ESTUDIANTE (NombreUsuario,PrimerNombre,PrimerApellido,CarreraEst) VALUES ('a108','a','b','Ingenieria de Materiales');
INSERT INTO dycicle.GESTION VALUES ('a108','Polonia','AGH Universidad de Ciencias y Tecnologia','4','4','5','0','2','4','0','2','4','2','1','1','1','1','4','2');

INSERT INTO dycicle.USUARIO VALUES ('a109','109@gmai.com',5,'a','123456','now');
INSERT INTO dycicle.ESTUDIANTE (NombreUsuario,PrimerNombre,PrimerApellido,CarreraEst) VALUES ('a109','a','b','Ingenieria de Materiales');
INSERT INTO dycicle.GESTION VALUES ('a109','Alemania','Universidad de Siegen','0','3','4','5','1','2','2','1','0','2','1','0','3','5','5','0');

INSERT INTO dycicle.USUARIO VALUES ('a110','110@gmai.com',5,'a','123456','now');
INSERT INTO dycicle.ESTUDIANTE (NombreUsuario,PrimerNombre,PrimerApellido,CarreraEst) VALUES ('a110','a','b','Ingenieria de Computacion');
INSERT INTO dycicle.GESTION VALUES ('a110','Alemania','Universidad de Siegen','2','4','4','1','4','1','0','1','2','4','4','0','2','2','4','5');

INSERT INTO dycicle.USUARIO VALUES ('a111','111@gmai.com',5,'a','123456','now');
INSERT INTO dycicle.ESTUDIANTE (NombreUsuario,PrimerNombre,PrimerApellido,CarreraEst) VALUES ('a111','a','b','Ingenieria de Materiales');
INSERT INTO dycicle.GESTION VALUES ('a111','Argentina','Universidad Nacional de Cuyo','5','5','4','2','2','0','1','2','3','1','5','4','5','0','0','1');

INSERT INTO dycicle.USUARIO VALUES ('a112','112@gmai.com',5,'a','123456','now');
INSERT INTO dycicle.ESTUDIANTE (NombreUsuario,PrimerNombre,PrimerApellido,CarreraEst) VALUES ('a112','a','b','Ingenieria de Materiales');
INSERT INTO dycicle.GESTION VALUES ('a112','Polonia','AGH Universidad de Ciencias y Tecnologia','5','2','4','4','2','0','2','2','0','3','3','4','0','5','2','5');

INSERT INTO dycicle.USUARIO VALUES ('a113','113@gmai.com',5,'a','123456','now');
INSERT INTO dycicle.ESTUDIANTE (NombreUsuario,PrimerNombre,PrimerApellido,CarreraEst) VALUES ('a113','a','b','Ingenieria de Computacion');
INSERT INTO dycicle.GESTION VALUES ('a113','Colombia','Universidad del Valle','0','0','1','0','2','5','3','1','5','5','5','4','4','4','4','3');

INSERT INTO dycicle.USUARIO VALUES ('a114','114@gmai.com',5,'a','123456','now');
INSERT INTO dycicle.ESTUDIANTE (NombreUsuario,PrimerNombre,PrimerApellido,CarreraEst) VALUES ('a114','a','b','Ingenieria de Materiales');
INSERT INTO dycicle.GESTION VALUES ('a114','Brasil','Universidad Estadual de Campinas','0','5','2','5','0','2','1','5','2','5','3','2','2','5','4','3');

INSERT INTO dycicle.USUARIO VALUES ('a115','115@gmai.com',5,'a','123456','now');
INSERT INTO dycicle.ESTUDIANTE (NombreUsuario,PrimerNombre,PrimerApellido,CarreraEst) VALUES ('a115','a','b','Ingenieria de Materiales');
INSERT INTO dycicle.GESTION VALUES ('a115','Polonia','AGH Universidad de Ciencias y Tecnologia','1','4','4','5','5','3','2','4','1','1','4','1','4','1','3','3');

INSERT INTO dycicle.USUARIO VALUES ('a116','116@gmai.com',5,'a','123456','now');
INSERT INTO dycicle.ESTUDIANTE (NombreUsuario,PrimerNombre,PrimerApellido,CarreraEst) VALUES ('a116','a','b','Ingenieria de Materiales');
INSERT INTO dycicle.GESTION VALUES ('a116','Polonia','AGH Universidad de Ciencias y Tecnologia','3','2','1','2','5','4','4','5','0','4','2','2','1','4','3','5');

INSERT INTO dycicle.USUARIO VALUES ('a117','117@gmai.com',5,'a','123456','now');
INSERT INTO dycicle.ESTUDIANTE (NombreUsuario,PrimerNombre,PrimerApellido,CarreraEst) VALUES ('a117','a','b','Ingenieria de Computacion');
INSERT INTO dycicle.GESTION VALUES ('a117','Argentina','Universidad Nacional de Cuyo','0','0','3','4','1','1','5','3','4','3','2','5','1','5','1','3');

INSERT INTO dycicle.USUARIO VALUES ('a118','118@gmai.com',5,'a','123456','now');
INSERT INTO dycicle.ESTUDIANTE (NombreUsuario,PrimerNombre,PrimerApellido,CarreraEst) VALUES ('a118','a','b','Ingenieria de Computacion');
INSERT INTO dycicle.GESTION VALUES ('a118','Alemania','Universidad de Siegen','5','2','2','0','0','5','1','5','2','2','2','4','0','4','0','1');

INSERT INTO dycicle.USUARIO VALUES ('a119','119@gmai.com',5,'a','123456','now');
INSERT INTO dycicle.ESTUDIANTE (NombreUsuario,PrimerNombre,PrimerApellido,CarreraEst) VALUES ('a119','a','b','Ingenieria de Computacion');
INSERT INTO dycicle.GESTION VALUES ('a119','Colombia','Universidad del Valle','1','3','4','2','4','1','0','0','1','1','5','0','1','3','5','4');

INSERT INTO dycicle.USUARIO VALUES ('a120','120@gmai.com',5,'a','123456','now');
INSERT INTO dycicle.ESTUDIANTE (NombreUsuario,PrimerNombre,PrimerApellido,CarreraEst) VALUES ('a120','a','b','Ingenieria de Computacion');
INSERT INTO dycicle.GESTION VALUES ('a120','Argentina','Universidad Nacional de Cuyo','5','4','4','3','4','3','5','4','5','1','3','4','1','3','0','2');

INSERT INTO dycicle.USUARIO VALUES ('a121','121@gmai.com',5,'a','123456','now');
INSERT INTO dycicle.ESTUDIANTE (NombreUsuario,PrimerNombre,PrimerApellido,CarreraEst) VALUES ('a121','a','b','Ingenieria de Computacion');
INSERT INTO dycicle.GESTION VALUES ('a121','Colombia','Universidad del Valle','2','3','4','2','5','1','1','1','2','5','3','2','1','3','2','2');

INSERT INTO dycicle.USUARIO VALUES ('a122','122@gmai.com',5,'a','123456','now');
INSERT INTO dycicle.ESTUDIANTE (NombreUsuario,PrimerNombre,PrimerApellido,CarreraEst) VALUES ('a122','a','b','Ingenieria de Materiales');
INSERT INTO dycicle.GESTION VALUES ('a122','Bolivia','Universidad Privada Santa Cruz de la Sierra','3','1','3','5','1','0','1','1','0','1','1','5','4','4','2','2');

INSERT INTO dycicle.USUARIO VALUES ('a123','123@gmai.com',5,'a','123456','now');
INSERT INTO dycicle.ESTUDIANTE (NombreUsuario,PrimerNombre,PrimerApellido,CarreraEst) VALUES ('a123','a','b','Ingenieria de Computacion');
INSERT INTO dycicle.GESTION VALUES ('a123','Colombia','Universidad del Valle','3','2','4','4','4','3','0','5','2','2','4','4','2','2','4','4');

INSERT INTO dycicle.USUARIO VALUES ('a124','124@gmai.com',5,'a','123456','now');
INSERT INTO dycicle.ESTUDIANTE (NombreUsuario,PrimerNombre,PrimerApellido,CarreraEst) VALUES ('a124','a','b','Ingenieria de Computacion');
INSERT INTO dycicle.GESTION VALUES ('a124','Brasil','Universidad Estadual de Campinas','3','2','1','0','3','1','1','3','5','3','2','2','0','2','3','5');

INSERT INTO dycicle.USUARIO VALUES ('a125','125@gmai.com',5,'a','123456','now');
INSERT INTO dycicle.ESTUDIANTE (NombreUsuario,PrimerNombre,PrimerApellido,CarreraEst) VALUES ('a125','a','b','Ingenieria de Computacion');
INSERT INTO dycicle.GESTION VALUES ('a125','Colombia','Universidad del Valle','0','4','4','1','4','0','1','5','2','1','3','5','4','3','2','2');

INSERT INTO dycicle.USUARIO VALUES ('a126','126@gmai.com',5,'a','123456','now');
INSERT INTO dycicle.ESTUDIANTE (NombreUsuario,PrimerNombre,PrimerApellido,CarreraEst) VALUES ('a126','a','b','Ingenieria de Computacion');
INSERT INTO dycicle.GESTION VALUES ('a126','Alemania','Universidad de Siegen','2','0','4','3','4','1','2','3','0','1','1','0','1','0','5','0');

INSERT INTO dycicle.USUARIO VALUES ('a127','127@gmai.com',5,'a','123456','now');
INSERT INTO dycicle.ESTUDIANTE (NombreUsuario,PrimerNombre,PrimerApellido,CarreraEst) VALUES ('a127','a','b','Ingenieria de Materiales');
INSERT INTO dycicle.GESTION VALUES ('a127','Colombia','Universidad del Valle','1','5','2','5','0','2','5','1','0','5','4','2','4','5','3','0');

INSERT INTO dycicle.USUARIO VALUES ('a128','128@gmai.com',5,'a','123456','now');
INSERT INTO dycicle.ESTUDIANTE (NombreUsuario,PrimerNombre,PrimerApellido,CarreraEst) VALUES ('a128','a','b','Ingenieria de Computacion');
INSERT INTO dycicle.GESTION VALUES ('a128','Bolivia','Universidad Privada Santa Cruz de la Sierra','2','4','3','2','5','3','5','2','0','1','0','3','4','2','3','1');

INSERT INTO dycicle.USUARIO VALUES ('a129','129@gmai.com',5,'a','123456','now');
INSERT INTO dycicle.ESTUDIANTE (NombreUsuario,PrimerNombre,PrimerApellido,CarreraEst) VALUES ('a129','a','b','Ingenieria de Materiales');
INSERT INTO dycicle.GESTION VALUES ('a129','Argentina','Universidad Nacional de Cuyo','1','5','0','3','1','5','2','2','0','4','1','5','5','2','0','1');

INSERT INTO dycicle.USUARIO VALUES ('a130','130@gmai.com',5,'a','123456','now');
INSERT INTO dycicle.ESTUDIANTE (NombreUsuario,PrimerNombre,PrimerApellido,CarreraEst) VALUES ('a130','a','b','Ingenieria de Materiales');
INSERT INTO dycicle.GESTION VALUES ('a130','Argentina','Universidad Nacional de Cuyo','2','0','3','3','2','5','2','2','5','2','1','5','4','3','3','4');

INSERT INTO dycicle.USUARIO VALUES ('a131','131@gmai.com',5,'a','123456','now');
INSERT INTO dycicle.ESTUDIANTE (NombreUsuario,PrimerNombre,PrimerApellido,CarreraEst) VALUES ('a131','a','b','Ingenieria de Materiales');
INSERT INTO dycicle.GESTION VALUES ('a131','Colombia','Universidad del Valle','0','2','1','4','3','1','5','4','2','5','5','3','3','5','0','4');

INSERT INTO dycicle.USUARIO VALUES ('a132','132@gmai.com',5,'a','123456','now');
INSERT INTO dycicle.ESTUDIANTE (NombreUsuario,PrimerNombre,PrimerApellido,CarreraEst) VALUES ('a132','a','b','Ingenieria de Materiales');
INSERT INTO dycicle.GESTION VALUES ('a132','Brasil','Universidad Estadual de Campinas','4','3','0','3','3','0','5','4','1','1','5','1','1','2','4','0');

INSERT INTO dycicle.USUARIO VALUES ('a133','133@gmai.com',5,'a','123456','now');
INSERT INTO dycicle.ESTUDIANTE (NombreUsuario,PrimerNombre,PrimerApellido,CarreraEst) VALUES ('a133','a','b','Ingenieria de Computacion');
INSERT INTO dycicle.GESTION VALUES ('a133','Colombia','Universidad del Valle','3','5','2','1','3','1','4','2','2','5','5','5','1','3','0','0');

INSERT INTO dycicle.USUARIO VALUES ('a134','134@gmai.com',5,'a','123456','now');
INSERT INTO dycicle.ESTUDIANTE (NombreUsuario,PrimerNombre,PrimerApellido,CarreraEst) VALUES ('a134','a','b','Ingenieria de Materiales');
INSERT INTO dycicle.GESTION VALUES ('a134','Alemania','Universidad de Siegen','2','3','5','1','0','1','5','0','1','1','2','0','2','3','4','5');

INSERT INTO dycicle.USUARIO VALUES ('a135','135@gmai.com',5,'a','123456','now');
INSERT INTO dycicle.ESTUDIANTE (NombreUsuario,PrimerNombre,PrimerApellido,CarreraEst) VALUES ('a135','a','b','Ingenieria de Computacion');
INSERT INTO dycicle.GESTION VALUES ('a135','Brasil','Universidad Estadual de Campinas','4','0','0','5','5','1','5','3','4','4','3','2','4','2','4','5');

INSERT INTO dycicle.USUARIO VALUES ('a136','136@gmai.com',5,'a','123456','now');
INSERT INTO dycicle.ESTUDIANTE (NombreUsuario,PrimerNombre,PrimerApellido,CarreraEst) VALUES ('a136','a','b','Ingenieria de Materiales');
INSERT INTO dycicle.GESTION VALUES ('a136','Alemania','Universidad de Siegen','0','1','5','2','2','0','1','4','0','5','3','2','5','2','0','2');

INSERT INTO dycicle.USUARIO VALUES ('a137','137@gmai.com',5,'a','123456','now');
INSERT INTO dycicle.ESTUDIANTE (NombreUsuario,PrimerNombre,PrimerApellido,CarreraEst) VALUES ('a137','a','b','Ingenieria de Computacion');
INSERT INTO dycicle.GESTION VALUES ('a137','Brasil','Universidad Estadual de Campinas','4','0','5','4','5','1','1','0','0','1','1','1','0','3','5','5');

INSERT INTO dycicle.USUARIO VALUES ('a138','138@gmai.com',5,'a','123456','now');
INSERT INTO dycicle.ESTUDIANTE (NombreUsuario,PrimerNombre,PrimerApellido,CarreraEst) VALUES ('a138','a','b','Ingenieria de Materiales');
INSERT INTO dycicle.GESTION VALUES ('a138','Alemania','Universidad de Siegen','2','5','1','1','3','1','3','0','4','4','2','3','5','0','5','5');

INSERT INTO dycicle.USUARIO VALUES ('a139','139@gmai.com',5,'a','123456','now');
INSERT INTO dycicle.ESTUDIANTE (NombreUsuario,PrimerNombre,PrimerApellido,CarreraEst) VALUES ('a139','a','b','Ingenieria de Computacion');
INSERT INTO dycicle.GESTION VALUES ('a139','Alemania','Universidad de Siegen','4','3','5','1','4','1','2','2','0','4','4','5','0','2','5','2');

INSERT INTO dycicle.USUARIO VALUES ('a140','140@gmai.com',5,'a','123456','now');
INSERT INTO dycicle.ESTUDIANTE (NombreUsuario,PrimerNombre,PrimerApellido,CarreraEst) VALUES ('a140','a','b','Ingenieria de Materiales');
INSERT INTO dycicle.GESTION VALUES ('a140','Colombia','Universidad del Valle','3','3','0','3','1','0','3','4','2','1','1','1','5','3','5','5');

INSERT INTO dycicle.USUARIO VALUES ('a141','141@gmai.com',5,'a','123456','now');
INSERT INTO dycicle.ESTUDIANTE (NombreUsuario,PrimerNombre,PrimerApellido,CarreraEst) VALUES ('a141','a','b','Ingenieria de Materiales');
INSERT INTO dycicle.GESTION VALUES ('a141','Argentina','Universidad Nacional de Cuyo','0','4','1','1','2','2','5','4','4','0','2','1','0','0','4','4');

INSERT INTO dycicle.USUARIO VALUES ('a142','142@gmai.com',5,'a','123456','now');
INSERT INTO dycicle.ESTUDIANTE (NombreUsuario,PrimerNombre,PrimerApellido,CarreraEst) VALUES ('a142','a','b','Ingenieria de Materiales');
INSERT INTO dycicle.GESTION VALUES ('a142','Polonia','AGH Universidad de Ciencias y Tecnologia','2','4','0','4','5','4','4','0','2','2','1','0','5','1','5','1');

INSERT INTO dycicle.USUARIO VALUES ('a143','143@gmai.com',5,'a','123456','now');
INSERT INTO dycicle.ESTUDIANTE (NombreUsuario,PrimerNombre,PrimerApellido,CarreraEst) VALUES ('a143','a','b','Ingenieria de Materiales');
INSERT INTO dycicle.GESTION VALUES ('a143','Alemania','Universidad de Siegen','1','4','0','3','4','1','1','3','3','1','5','4','3','4','1','1');

INSERT INTO dycicle.USUARIO VALUES ('a144','144@gmai.com',5,'a','123456','now');
INSERT INTO dycicle.ESTUDIANTE (NombreUsuario,PrimerNombre,PrimerApellido,CarreraEst) VALUES ('a144','a','b','Ingenieria de Computacion');
INSERT INTO dycicle.GESTION VALUES ('a144','Alemania','Universidad de Siegen','3','0','4','3','2','5','1','0','4','1','2','0','3','4','5','4');

INSERT INTO dycicle.USUARIO VALUES ('a145','145@gmai.com',5,'a','123456','now');
INSERT INTO dycicle.ESTUDIANTE (NombreUsuario,PrimerNombre,PrimerApellido,CarreraEst) VALUES ('a145','a','b','Ingenieria de Materiales');
INSERT INTO dycicle.GESTION VALUES ('a145','Colombia','Universidad del Valle','1','5','1','5','1','2','0','4','0','0','0','1','2','5','0','4');

INSERT INTO dycicle.USUARIO VALUES ('a146','146@gmai.com',5,'a','123456','now');
INSERT INTO dycicle.ESTUDIANTE (NombreUsuario,PrimerNombre,PrimerApellido,CarreraEst) VALUES ('a146','a','b','Ingenieria de Computacion');
INSERT INTO dycicle.GESTION VALUES ('a146','Brasil','Universidad Estadual de Campinas','1','2','3','5','1','4','3','1','3','0','4','0','0','5','3','3');

INSERT INTO dycicle.USUARIO VALUES ('a147','147@gmai.com',5,'a','123456','now');
INSERT INTO dycicle.ESTUDIANTE (NombreUsuario,PrimerNombre,PrimerApellido,CarreraEst) VALUES ('a147','a','b','Ingenieria de Computacion');
INSERT INTO dycicle.GESTION VALUES ('a147','Alemania','Universidad de Siegen','4','1','4','2','2','3','1','4','3','5','2','0','0','3','5','3');

INSERT INTO dycicle.USUARIO VALUES ('a148','148@gmai.com',5,'a','123456','now');
INSERT INTO dycicle.ESTUDIANTE (NombreUsuario,PrimerNombre,PrimerApellido,CarreraEst) VALUES ('a148','a','b','Ingenieria de Materiales');
INSERT INTO dycicle.GESTION VALUES ('a148','Polonia','AGH Universidad de Ciencias y Tecnologia','4','5','3','0','5','1','4','4','3','3','3','2','4','4','1','4');

INSERT INTO dycicle.USUARIO VALUES ('a149','149@gmai.com',5,'a','123456','now');
INSERT INTO dycicle.ESTUDIANTE (NombreUsuario,PrimerNombre,PrimerApellido,CarreraEst) VALUES ('a149','a','b','Ingenieria de Materiales');
INSERT INTO dycicle.GESTION VALUES ('a149','Brasil','Universidad Estadual de Campinas','1','0','5','0','3','1','0','5','1','3','0','0','1','2','3','3');

INSERT INTO dycicle.USUARIO VALUES ('a150','150@gmai.com',5,'a','123456','now');
INSERT INTO dycicle.ESTUDIANTE (NombreUsuario,PrimerNombre,PrimerApellido,CarreraEst) VALUES ('a150','a','b','Ingenieria de Computacion');
INSERT INTO dycicle.GESTION VALUES ('a150','Alemania','Universidad de Siegen','1','3','1','5','1','3','1','5','4','1','5','4','0','2','5','2');

INSERT INTO dycicle.USUARIO VALUES ('a151','151@gmai.com',5,'a','123456','now');
INSERT INTO dycicle.ESTUDIANTE (NombreUsuario,PrimerNombre,PrimerApellido,CarreraEst) VALUES ('a151','a','b','Ingenieria de Computacion');
INSERT INTO dycicle.GESTION VALUES ('a151','Brasil','Universidad Estadual de Campinas','1','4','0','4','1','1','0','2','3','2','4','0','3','5','3','1');

INSERT INTO dycicle.USUARIO VALUES ('a152','152@gmai.com',5,'a','123456','now');
INSERT INTO dycicle.ESTUDIANTE (NombreUsuario,PrimerNombre,PrimerApellido,CarreraEst) VALUES ('a152','a','b','Ingenieria de Computacion');
INSERT INTO dycicle.GESTION VALUES ('a152','Argentina','Universidad Nacional de Cuyo','0','2','2','1','0','1','2','1','1','2','4','0','4','1','3','5');

INSERT INTO dycicle.USUARIO VALUES ('a153','153@gmai.com',5,'a','123456','now');
INSERT INTO dycicle.ESTUDIANTE (NombreUsuario,PrimerNombre,PrimerApellido,CarreraEst) VALUES ('a153','a','b','Ingenieria de Materiales');
INSERT INTO dycicle.GESTION VALUES ('a153','Brasil','Universidad Estadual de Campinas','1','3','0','5','1','0','1','0','2','0','3','3','4','4','5','4');

INSERT INTO dycicle.USUARIO VALUES ('a154','154@gmai.com',5,'a','123456','now');
INSERT INTO dycicle.ESTUDIANTE (NombreUsuario,PrimerNombre,PrimerApellido,CarreraEst) VALUES ('a154','a','b','Ingenieria de Computacion');
INSERT INTO dycicle.GESTION VALUES ('a154','Bolivia','Universidad Privada Santa Cruz de la Sierra','0','0','2','1','3','4','3','1','1','3','1','5','2','1','3','1');

INSERT INTO dycicle.USUARIO VALUES ('a155','155@gmai.com',5,'a','123456','now');
INSERT INTO dycicle.ESTUDIANTE (NombreUsuario,PrimerNombre,PrimerApellido,CarreraEst) VALUES ('a155','a','b','Ingenieria de Computacion');
INSERT INTO dycicle.GESTION VALUES ('a155','Polonia','AGH Universidad de Ciencias y Tecnologia','4','3','4','1','4','1','4','1','3','2','5','0','5','3','2','0');

INSERT INTO dycicle.USUARIO VALUES ('a156','156@gmai.com',5,'a','123456','now');
INSERT INTO dycicle.ESTUDIANTE (NombreUsuario,PrimerNombre,PrimerApellido,CarreraEst) VALUES ('a156','a','b','Ingenieria de Materiales');
INSERT INTO dycicle.GESTION VALUES ('a156','Bolivia','Universidad Privada Santa Cruz de la Sierra','5','3','4','1','5','2','2','0','2','3','4','5','4','5','2','2');

INSERT INTO dycicle.USUARIO VALUES ('a157','157@gmai.com',5,'a','123456','now');
INSERT INTO dycicle.ESTUDIANTE (NombreUsuario,PrimerNombre,PrimerApellido,CarreraEst) VALUES ('a157','a','b','Ingenieria de Materiales');
INSERT INTO dycicle.GESTION VALUES ('a157','Colombia','Universidad del Valle','1','4','1','1','3','3','2','2','5','1','2','4','4','3','3','1');

INSERT INTO dycicle.USUARIO VALUES ('a158','158@gmai.com',5,'a','123456','now');
INSERT INTO dycicle.ESTUDIANTE (NombreUsuario,PrimerNombre,PrimerApellido,CarreraEst) VALUES ('a158','a','b','Ingenieria de Computacion');
INSERT INTO dycicle.GESTION VALUES ('a158','Argentina','Universidad Nacional de Cuyo','3','5','4','5','3','2','5','4','0','3','2','5','5','5','4','1');

INSERT INTO dycicle.USUARIO VALUES ('a159','159@gmai.com',5,'a','123456','now');
INSERT INTO dycicle.ESTUDIANTE (NombreUsuario,PrimerNombre,PrimerApellido,CarreraEst) VALUES ('a159','a','b','Ingenieria de Computacion');
INSERT INTO dycicle.GESTION VALUES ('a159','Alemania','Universidad de Siegen','5','3','1','2','0','4','1','4','4','4','4','5','3','2','0','4');

INSERT INTO dycicle.USUARIO VALUES ('a160','160@gmai.com',5,'a','123456','now');
INSERT INTO dycicle.ESTUDIANTE (NombreUsuario,PrimerNombre,PrimerApellido,CarreraEst) VALUES ('a160','a','b','Ingenieria de Computacion');
INSERT INTO dycicle.GESTION VALUES ('a160','Bolivia','Universidad Privada Santa Cruz de la Sierra','4','3','0','0','1','4','5','4','4','3','1','4','2','0','4','0');

INSERT INTO dycicle.USUARIO VALUES ('a161','161@gmai.com',5,'a','123456','now');
INSERT INTO dycicle.ESTUDIANTE (NombreUsuario,PrimerNombre,PrimerApellido,CarreraEst) VALUES ('a161','a','b','Ingenieria de Computacion');
INSERT INTO dycicle.GESTION VALUES ('a161','Colombia','Universidad del Valle','3','4','1','4','4','3','2','0','5','4','3','3','5','2','3','3');

INSERT INTO dycicle.USUARIO VALUES ('a162','162@gmai.com',5,'a','123456','now');
INSERT INTO dycicle.ESTUDIANTE (NombreUsuario,PrimerNombre,PrimerApellido,CarreraEst) VALUES ('a162','a','b','Ingenieria de Computacion');
INSERT INTO dycicle.GESTION VALUES ('a162','Brasil','Universidad Estadual de Campinas','0','5','2','1','3','4','2','1','2','3','0','1','3','5','0','3');

INSERT INTO dycicle.USUARIO VALUES ('a163','163@gmai.com',5,'a','123456','now');
INSERT INTO dycicle.ESTUDIANTE (NombreUsuario,PrimerNombre,PrimerApellido,CarreraEst) VALUES ('a163','a','b','Ingenieria de Materiales');
INSERT INTO dycicle.GESTION VALUES ('a163','Argentina','Universidad Nacional de Cuyo','3','2','4','5','2','4','4','5','0','3','5','1','3','4','4','4');

INSERT INTO dycicle.USUARIO VALUES ('a164','164@gmai.com',5,'a','123456','now');
INSERT INTO dycicle.ESTUDIANTE (NombreUsuario,PrimerNombre,PrimerApellido,CarreraEst) VALUES ('a164','a','b','Ingenieria de Materiales');
INSERT INTO dycicle.GESTION VALUES ('a164','Bolivia','Universidad Privada Santa Cruz de la Sierra','4','0','0','1','4','2','0','4','0','4','0','3','2','1','0','3');

INSERT INTO dycicle.USUARIO VALUES ('a165','165@gmai.com',5,'a','123456','now');
INSERT INTO dycicle.ESTUDIANTE (NombreUsuario,PrimerNombre,PrimerApellido,CarreraEst) VALUES ('a165','a','b','Ingenieria de Computacion');
INSERT INTO dycicle.GESTION VALUES ('a165','Bolivia','Universidad Privada Santa Cruz de la Sierra','2','3','2','5','0','5','5','3','3','5','4','0','2','1','5','4');

INSERT INTO dycicle.USUARIO VALUES ('a166','166@gmai.com',5,'a','123456','now');
INSERT INTO dycicle.ESTUDIANTE (NombreUsuario,PrimerNombre,PrimerApellido,CarreraEst) VALUES ('a166','a','b','Ingenieria de Computacion');
INSERT INTO dycicle.GESTION VALUES ('a166','Polonia','AGH Universidad de Ciencias y Tecnologia','4','0','0','1','1','1','2','4','3','4','4','1','2','1','0','3');

INSERT INTO dycicle.USUARIO VALUES ('a167','167@gmai.com',5,'a','123456','now');
INSERT INTO dycicle.ESTUDIANTE (NombreUsuario,PrimerNombre,PrimerApellido,CarreraEst) VALUES ('a167','a','b','Ingenieria de Computacion');
INSERT INTO dycicle.GESTION VALUES ('a167','Bolivia','Universidad Privada Santa Cruz de la Sierra','0','2','1','2','4','1','1','5','3','1','0','4','4','5','3','0');

INSERT INTO dycicle.USUARIO VALUES ('a168','168@gmai.com',5,'a','123456','now');
INSERT INTO dycicle.ESTUDIANTE (NombreUsuario,PrimerNombre,PrimerApellido,CarreraEst) VALUES ('a168','a','b','Ingenieria de Computacion');
INSERT INTO dycicle.GESTION VALUES ('a168','Polonia','AGH Universidad de Ciencias y Tecnologia','0','2','0','1','0','0','3','0','0','3','0','0','0','3','3','1');

INSERT INTO dycicle.USUARIO VALUES ('a169','169@gmai.com',5,'a','123456','now');
INSERT INTO dycicle.ESTUDIANTE (NombreUsuario,PrimerNombre,PrimerApellido,CarreraEst) VALUES ('a169','a','b','Ingenieria de Materiales');
INSERT INTO dycicle.GESTION VALUES ('a169','Brasil','Universidad Estadual de Campinas','0','1','5','1','5','3','0','4','4','4','4','2','0','2','3','3');

INSERT INTO dycicle.USUARIO VALUES ('a170','170@gmai.com',5,'a','123456','now');
INSERT INTO dycicle.ESTUDIANTE (NombreUsuario,PrimerNombre,PrimerApellido,CarreraEst) VALUES ('a170','a','b','Ingenieria de Materiales');
INSERT INTO dycicle.GESTION VALUES ('a170','Brasil','Universidad Estadual de Campinas','5','5','4','2','0','4','0','5','4','5','0','1','4','4','3','4');

INSERT INTO dycicle.USUARIO VALUES ('a171','171@gmai.com',5,'a','123456','now');
INSERT INTO dycicle.ESTUDIANTE (NombreUsuario,PrimerNombre,PrimerApellido,CarreraEst) VALUES ('a171','a','b','Ingenieria de Computacion');
INSERT INTO dycicle.GESTION VALUES ('a171','Argentina','Universidad Nacional de Cuyo','5','4','3','2','4','4','1','2','2','3','3','4','4','1','2','4');

INSERT INTO dycicle.USUARIO VALUES ('a172','172@gmai.com',5,'a','123456','now');
INSERT INTO dycicle.ESTUDIANTE (NombreUsuario,PrimerNombre,PrimerApellido,CarreraEst) VALUES ('a172','a','b','Ingenieria de Materiales');
INSERT INTO dycicle.GESTION VALUES ('a172','Colombia','Universidad del Valle','3','0','1','4','0','5','2','1','3','5','0','1','4','5','4','5');

INSERT INTO dycicle.USUARIO VALUES ('a173','173@gmai.com',5,'a','123456','now');
INSERT INTO dycicle.ESTUDIANTE (NombreUsuario,PrimerNombre,PrimerApellido,CarreraEst) VALUES ('a173','a','b','Ingenieria de Computacion');
INSERT INTO dycicle.GESTION VALUES ('a173','Brasil','Universidad Estadual de Campinas','3','4','5','5','4','4','3','3','4','3','2','4','0','1','5','1');

INSERT INTO dycicle.USUARIO VALUES ('a174','174@gmai.com',5,'a','123456','now');
INSERT INTO dycicle.ESTUDIANTE (NombreUsuario,PrimerNombre,PrimerApellido,CarreraEst) VALUES ('a174','a','b','Ingenieria de Computacion');
INSERT INTO dycicle.GESTION VALUES ('a174','Colombia','Universidad del Valle','0','2','4','2','2','2','2','0','3','3','1','1','1','5','3','2');

INSERT INTO dycicle.USUARIO VALUES ('a175','175@gmai.com',5,'a','123456','now');
INSERT INTO dycicle.ESTUDIANTE (NombreUsuario,PrimerNombre,PrimerApellido,CarreraEst) VALUES ('a175','a','b','Ingenieria de Materiales');
INSERT INTO dycicle.GESTION VALUES ('a175','Alemania','Universidad de Siegen','4','1','2','2','0','2','3','3','1','3','4','1','1','5','5','3');

INSERT INTO dycicle.USUARIO VALUES ('a176','176@gmai.com',5,'a','123456','now');
INSERT INTO dycicle.ESTUDIANTE (NombreUsuario,PrimerNombre,PrimerApellido,CarreraEst) VALUES ('a176','a','b','Ingenieria de Materiales');
INSERT INTO dycicle.GESTION VALUES ('a176','Brasil','Universidad Estadual de Campinas','2','0','5','3','3','0','2','1','4','5','3','2','0','5','3','0');

INSERT INTO dycicle.USUARIO VALUES ('a177','177@gmai.com',5,'a','123456','now');
INSERT INTO dycicle.ESTUDIANTE (NombreUsuario,PrimerNombre,PrimerApellido,CarreraEst) VALUES ('a177','a','b','Ingenieria de Computacion');
INSERT INTO dycicle.GESTION VALUES ('a177','Argentina','Universidad Nacional de Cuyo','3','5','2','4','2','1','0','1','3','5','5','5','2','3','1','2');

INSERT INTO dycicle.USUARIO VALUES ('a178','178@gmai.com',5,'a','123456','now');
INSERT INTO dycicle.ESTUDIANTE (NombreUsuario,PrimerNombre,PrimerApellido,CarreraEst) VALUES ('a178','a','b','Ingenieria de Computacion');
INSERT INTO dycicle.GESTION VALUES ('a178','Bolivia','Universidad Privada Santa Cruz de la Sierra','5','4','4','5','1','2','4','2','1','4','2','4','0','0','2','5');

INSERT INTO dycicle.USUARIO VALUES ('a179','179@gmai.com',5,'a','123456','now');
INSERT INTO dycicle.ESTUDIANTE (NombreUsuario,PrimerNombre,PrimerApellido,CarreraEst) VALUES ('a179','a','b','Ingenieria de Computacion');
INSERT INTO dycicle.GESTION VALUES ('a179','Argentina','Universidad Nacional de Cuyo','2','4','4','0','1','0','4','4','2','5','3','3','1','0','3','5');

INSERT INTO dycicle.USUARIO VALUES ('a180','180@gmai.com',5,'a','123456','now');
INSERT INTO dycicle.ESTUDIANTE (NombreUsuario,PrimerNombre,PrimerApellido,CarreraEst) VALUES ('a180','a','b','Ingenieria de Materiales');
INSERT INTO dycicle.GESTION VALUES ('a180','Colombia','Universidad del Valle','2','3','5','4','1','3','2','4','3','4','0','1','1','1','3','3');

INSERT INTO dycicle.USUARIO VALUES ('a181','181@gmai.com',5,'a','123456','now');
INSERT INTO dycicle.ESTUDIANTE (NombreUsuario,PrimerNombre,PrimerApellido,CarreraEst) VALUES ('a181','a','b','Ingenieria de Materiales');
INSERT INTO dycicle.GESTION VALUES ('a181','Argentina','Universidad Nacional de Cuyo','0','2','0','4','3','0','4','1','5','1','4','4','1','3','5','0');

INSERT INTO dycicle.USUARIO VALUES ('a182','182@gmai.com',5,'a','123456','now');
INSERT INTO dycicle.ESTUDIANTE (NombreUsuario,PrimerNombre,PrimerApellido,CarreraEst) VALUES ('a182','a','b','Ingenieria de Materiales');
INSERT INTO dycicle.GESTION VALUES ('a182','Argentina','Universidad Nacional de Cuyo','2','1','3','1','4','0','2','5','5','5','3','1','3','0','2','3');

INSERT INTO dycicle.USUARIO VALUES ('a183','183@gmai.com',5,'a','123456','now');
INSERT INTO dycicle.ESTUDIANTE (NombreUsuario,PrimerNombre,PrimerApellido,CarreraEst) VALUES ('a183','a','b','Ingenieria de Materiales');
INSERT INTO dycicle.GESTION VALUES ('a183','Alemania','Universidad de Siegen','2','5','5','4','2','3','1','0','3','2','0','3','0','1','4','5');

INSERT INTO dycicle.USUARIO VALUES ('a184','184@gmai.com',5,'a','123456','now');
INSERT INTO dycicle.ESTUDIANTE (NombreUsuario,PrimerNombre,PrimerApellido,CarreraEst) VALUES ('a184','a','b','Ingenieria de Computacion');
INSERT INTO dycicle.GESTION VALUES ('a184','Alemania','Universidad de Siegen','1','3','0','5','2','0','1','0','0','3','1','1','1','1','4','5');

INSERT INTO dycicle.USUARIO VALUES ('a185','185@gmai.com',5,'a','123456','now');
INSERT INTO dycicle.ESTUDIANTE (NombreUsuario,PrimerNombre,PrimerApellido,CarreraEst) VALUES ('a185','a','b','Ingenieria de Computacion');
INSERT INTO dycicle.GESTION VALUES ('a185','Brasil','Universidad Estadual de Campinas','1','0','0','4','4','2','2','5','1','2','1','3','4','1','3','1');

INSERT INTO dycicle.USUARIO VALUES ('a186','186@gmai.com',5,'a','123456','now');
INSERT INTO dycicle.ESTUDIANTE (NombreUsuario,PrimerNombre,PrimerApellido,CarreraEst) VALUES ('a186','a','b','Ingenieria de Materiales');
INSERT INTO dycicle.GESTION VALUES ('a186','Argentina','Universidad Nacional de Cuyo','5','4','1','1','5','5','1','2','4','0','2','1','1','3','4','0');

INSERT INTO dycicle.USUARIO VALUES ('a187','187@gmai.com',5,'a','123456','now');
INSERT INTO dycicle.ESTUDIANTE (NombreUsuario,PrimerNombre,PrimerApellido,CarreraEst) VALUES ('a187','a','b','Ingenieria de Computacion');
INSERT INTO dycicle.GESTION VALUES ('a187','Polonia','AGH Universidad de Ciencias y Tecnologia','0','0','1','2','3','2','3','2','3','3','3','3','2','3','2','4');

INSERT INTO dycicle.USUARIO VALUES ('a188','188@gmai.com',5,'a','123456','now');
INSERT INTO dycicle.ESTUDIANTE (NombreUsuario,PrimerNombre,PrimerApellido,CarreraEst) VALUES ('a188','a','b','Ingenieria de Computacion');
INSERT INTO dycicle.GESTION VALUES ('a188','Argentina','Universidad Nacional de Cuyo','2','2','2','3','3','3','0','1','3','2','4','1','3','3','0','5');

INSERT INTO dycicle.USUARIO VALUES ('a189','189@gmai.com',5,'a','123456','now');
INSERT INTO dycicle.ESTUDIANTE (NombreUsuario,PrimerNombre,PrimerApellido,CarreraEst) VALUES ('a189','a','b','Ingenieria de Computacion');
INSERT INTO dycicle.GESTION VALUES ('a189','Polonia','AGH Universidad de Ciencias y Tecnologia','4','5','3','2','1','1','2','2','0','1','5','3','0','2','2','1');

INSERT INTO dycicle.USUARIO VALUES ('a190','190@gmai.com',5,'a','123456','now');
INSERT INTO dycicle.ESTUDIANTE (NombreUsuario,PrimerNombre,PrimerApellido,CarreraEst) VALUES ('a190','a','b','Ingenieria de Materiales');
INSERT INTO dycicle.GESTION VALUES ('a190','Argentina','Universidad Nacional de Cuyo','0','2','5','2','2','0','2','1','1','5','2','4','0','4','0','5');

INSERT INTO dycicle.USUARIO VALUES ('a191','191@gmai.com',5,'a','123456','now');
INSERT INTO dycicle.ESTUDIANTE (NombreUsuario,PrimerNombre,PrimerApellido,CarreraEst) VALUES ('a191','a','b','Ingenieria de Computacion');
INSERT INTO dycicle.GESTION VALUES ('a191','Colombia','Universidad del Valle','5','5','3','2','3','3','3','5','5','5','2','5','0','2','1','5');

INSERT INTO dycicle.USUARIO VALUES ('a192','192@gmai.com',5,'a','123456','now');
INSERT INTO dycicle.ESTUDIANTE (NombreUsuario,PrimerNombre,PrimerApellido,CarreraEst) VALUES ('a192','a','b','Ingenieria de Computacion');
INSERT INTO dycicle.GESTION VALUES ('a192','Polonia','AGH Universidad de Ciencias y Tecnologia','1','5','1','5','0','4','0','2','2','5','4','5','2','5','4','2');

INSERT INTO dycicle.USUARIO VALUES ('a193','193@gmai.com',5,'a','123456','now');
INSERT INTO dycicle.ESTUDIANTE (NombreUsuario,PrimerNombre,PrimerApellido,CarreraEst) VALUES ('a193','a','b','Ingenieria de Computacion');
INSERT INTO dycicle.GESTION VALUES ('a193','Alemania','Universidad de Siegen','5','0','0','2','4','4','3','5','1','2','5','1','2','0','4','3');

INSERT INTO dycicle.USUARIO VALUES ('a194','194@gmai.com',5,'a','123456','now');
INSERT INTO dycicle.ESTUDIANTE (NombreUsuario,PrimerNombre,PrimerApellido,CarreraEst) VALUES ('a194','a','b','Ingenieria de Materiales');
INSERT INTO dycicle.GESTION VALUES ('a194','Colombia','Universidad del Valle','1','1','2','1','4','3','5','2','5','1','5','0','0','5','1','2');

INSERT INTO dycicle.USUARIO VALUES ('a195','195@gmai.com',5,'a','123456','now');
INSERT INTO dycicle.ESTUDIANTE (NombreUsuario,PrimerNombre,PrimerApellido,CarreraEst) VALUES ('a195','a','b','Ingenieria de Computacion');
INSERT INTO dycicle.GESTION VALUES ('a195','Polonia','AGH Universidad de Ciencias y Tecnologia','1','1','1','5','2','3','4','2','1','3','0','1','1','0','1','0');

INSERT INTO dycicle.USUARIO VALUES ('a196','196@gmai.com',5,'a','123456','now');
INSERT INTO dycicle.ESTUDIANTE (NombreUsuario,PrimerNombre,PrimerApellido,CarreraEst) VALUES ('a196','a','b','Ingenieria de Materiales');
INSERT INTO dycicle.GESTION VALUES ('a196','Polonia','AGH Universidad de Ciencias y Tecnologia','0','2','4','2','5','4','2','4','0','2','4','0','5','4','1','2');

INSERT INTO dycicle.USUARIO VALUES ('a197','197@gmai.com',5,'a','123456','now');
INSERT INTO dycicle.ESTUDIANTE (NombreUsuario,PrimerNombre,PrimerApellido,CarreraEst) VALUES ('a197','a','b','Ingenieria de Materiales');
INSERT INTO dycicle.GESTION VALUES ('a197','Argentina','Universidad Nacional de Cuyo','1','2','1','1','5','3','3','4','1','5','1','5','3','5','4','5');

INSERT INTO dycicle.USUARIO VALUES ('a198','198@gmai.com',5,'a','123456','now');
INSERT INTO dycicle.ESTUDIANTE (NombreUsuario,PrimerNombre,PrimerApellido,CarreraEst) VALUES ('a198','a','b','Ingenieria de Materiales');
INSERT INTO dycicle.GESTION VALUES ('a198','Brasil','Universidad Estadual de Campinas','1','4','2','5','1','2','1','3','5','0','0','3','1','2','1','4');

INSERT INTO dycicle.USUARIO VALUES ('a199','199@gmai.com',5,'a','123456','now');
INSERT INTO dycicle.ESTUDIANTE (NombreUsuario,PrimerNombre,PrimerApellido,CarreraEst) VALUES ('a199','a','b','Ingenieria de Materiales');
INSERT INTO dycicle.GESTION VALUES ('a199','Colombia','Universidad del Valle','5','1','0','0','1','5','2','5','0','5','3','3','5','5','1','5');

INSERT INTO dycicle.USUARIO VALUES ('a200','200@gmai.com',5,'a','123456','now');
INSERT INTO dycicle.ESTUDIANTE (NombreUsuario,PrimerNombre,PrimerApellido,CarreraEst) VALUES ('a200','a','b','Ingenieria de Computacion');
INSERT INTO dycicle.GESTION VALUES ('a200','Brasil','Universidad Estadual de Campinas','1','0','0','5','4','1','4','2','4','3','2','4','5','3','4','0');

INSERT INTO dycicle.USUARIO VALUES ('a201','201@gmai.com',5,'a','123456','now');
INSERT INTO dycicle.ESTUDIANTE (NombreUsuario,PrimerNombre,PrimerApellido,CarreraEst) VALUES ('a201','a','b','Ingenieria de Computacion');
INSERT INTO dycicle.GESTION VALUES ('a201','Brasil','Universidad Estadual de Campinas','5','0','0','3','5','2','5','0','5','3','5','2','5','0','5','1');

INSERT INTO dycicle.USUARIO VALUES ('a202','202@gmai.com',5,'a','123456','now');
INSERT INTO dycicle.ESTUDIANTE (NombreUsuario,PrimerNombre,PrimerApellido,CarreraEst) VALUES ('a202','a','b','Ingenieria de Materiales');
INSERT INTO dycicle.GESTION VALUES ('a202','Argentina','Universidad Nacional de Cuyo','2','4','1','4','4','1','0','1','0','4','0','3','3','0','4','0');

INSERT INTO dycicle.USUARIO VALUES ('a203','203@gmai.com',5,'a','123456','now');
INSERT INTO dycicle.ESTUDIANTE (NombreUsuario,PrimerNombre,PrimerApellido,CarreraEst) VALUES ('a203','a','b','Ingenieria de Materiales');
INSERT INTO dycicle.GESTION VALUES ('a203','Brasil','Universidad Estadual de Campinas','1','3','4','0','3','5','1','2','0','4','5','2','0','0','2','4');

INSERT INTO dycicle.USUARIO VALUES ('a204','204@gmai.com',5,'a','123456','now');
INSERT INTO dycicle.ESTUDIANTE (NombreUsuario,PrimerNombre,PrimerApellido,CarreraEst) VALUES ('a204','a','b','Ingenieria de Materiales');
INSERT INTO dycicle.GESTION VALUES ('a204','Colombia','Universidad del Valle','2','4','4','4','1','2','1','4','2','5','4','1','3','4','0','3');

INSERT INTO dycicle.USUARIO VALUES ('a205','205@gmai.com',5,'a','123456','now');
INSERT INTO dycicle.ESTUDIANTE (NombreUsuario,PrimerNombre,PrimerApellido,CarreraEst) VALUES ('a205','a','b','Ingenieria de Computacion');
INSERT INTO dycicle.GESTION VALUES ('a205','Polonia','AGH Universidad de Ciencias y Tecnologia','1','2','0','1','3','3','1','1','3','0','2','0','0','1','5','3');

INSERT INTO dycicle.USUARIO VALUES ('a206','206@gmai.com',5,'a','123456','now');
INSERT INTO dycicle.ESTUDIANTE (NombreUsuario,PrimerNombre,PrimerApellido,CarreraEst) VALUES ('a206','a','b','Ingenieria de Materiales');
INSERT INTO dycicle.GESTION VALUES ('a206','Alemania','Universidad de Siegen','0','2','1','5','5','5','0','0','3','4','4','5','3','2','0','5');

INSERT INTO dycicle.USUARIO VALUES ('a207','207@gmai.com',5,'a','123456','now');
INSERT INTO dycicle.ESTUDIANTE (NombreUsuario,PrimerNombre,PrimerApellido,CarreraEst) VALUES ('a207','a','b','Ingenieria de Materiales');
INSERT INTO dycicle.GESTION VALUES ('a207','Argentina','Universidad Nacional de Cuyo','1','1','0','1','0','1','0','3','2','1','1','5','5','1','0','0');

INSERT INTO dycicle.USUARIO VALUES ('a208','208@gmai.com',5,'a','123456','now');
INSERT INTO dycicle.ESTUDIANTE (NombreUsuario,PrimerNombre,PrimerApellido,CarreraEst) VALUES ('a208','a','b','Ingenieria de Computacion');
INSERT INTO dycicle.GESTION VALUES ('a208','Alemania','Universidad de Siegen','4','2','0','0','5','2','5','5','0','0','5','5','1','2','3','3');

INSERT INTO dycicle.USUARIO VALUES ('a209','209@gmai.com',5,'a','123456','now');
INSERT INTO dycicle.ESTUDIANTE (NombreUsuario,PrimerNombre,PrimerApellido,CarreraEst) VALUES ('a209','a','b','Ingenieria de Computacion');
INSERT INTO dycicle.GESTION VALUES ('a209','Colombia','Universidad del Valle','0','3','4','2','3','1','5','4','5','4','3','4','1','5','2','2');

INSERT INTO dycicle.USUARIO VALUES ('a210','210@gmai.com',5,'a','123456','now');
INSERT INTO dycicle.ESTUDIANTE (NombreUsuario,PrimerNombre,PrimerApellido,CarreraEst) VALUES ('a210','a','b','Ingenieria de Materiales');
INSERT INTO dycicle.GESTION VALUES ('a210','Bolivia','Universidad Privada Santa Cruz de la Sierra','4','5','5','1','3','3','5','4','3','5','1','2','4','1','1','2');

INSERT INTO dycicle.USUARIO VALUES ('a211','211@gmai.com',5,'a','123456','now');
INSERT INTO dycicle.ESTUDIANTE (NombreUsuario,PrimerNombre,PrimerApellido,CarreraEst) VALUES ('a211','a','b','Ingenieria de Computacion');
INSERT INTO dycicle.GESTION VALUES ('a211','Argentina','Universidad Nacional de Cuyo','4','5','2','4','3','2','2','1','4','0','2','0','5','2','3','3');

INSERT INTO dycicle.USUARIO VALUES ('a212','212@gmai.com',5,'a','123456','now');
INSERT INTO dycicle.ESTUDIANTE (NombreUsuario,PrimerNombre,PrimerApellido,CarreraEst) VALUES ('a212','a','b','Ingenieria de Materiales');
INSERT INTO dycicle.GESTION VALUES ('a212','Brasil','Universidad Estadual de Campinas','3','5','2','2','4','3','0','2','2','5','5','5','2','1','5','1');

INSERT INTO dycicle.USUARIO VALUES ('a213','213@gmai.com',5,'a','123456','now');
INSERT INTO dycicle.ESTUDIANTE (NombreUsuario,PrimerNombre,PrimerApellido,CarreraEst) VALUES ('a213','a','b','Ingenieria de Materiales');
INSERT INTO dycicle.GESTION VALUES ('a213','Argentina','Universidad Nacional de Cuyo','0','3','3','3','5','3','3','5','2','4','3','1','0','0','3','1');

INSERT INTO dycicle.USUARIO VALUES ('a214','214@gmai.com',5,'a','123456','now');
INSERT INTO dycicle.ESTUDIANTE (NombreUsuario,PrimerNombre,PrimerApellido,CarreraEst) VALUES ('a214','a','b','Ingenieria de Materiales');
INSERT INTO dycicle.GESTION VALUES ('a214','Argentina','Universidad Nacional de Cuyo','1','3','5','0','5','4','0','2','1','3','4','4','4','0','0','2');

INSERT INTO dycicle.USUARIO VALUES ('a215','215@gmai.com',5,'a','123456','now');
INSERT INTO dycicle.ESTUDIANTE (NombreUsuario,PrimerNombre,PrimerApellido,CarreraEst) VALUES ('a215','a','b','Ingenieria de Computacion');
INSERT INTO dycicle.GESTION VALUES ('a215','Argentina','Universidad Nacional de Cuyo','1','0','0','4','1','0','4','2','0','4','2','1','4','2','3','2');

INSERT INTO dycicle.USUARIO VALUES ('a216','216@gmai.com',5,'a','123456','now');
INSERT INTO dycicle.ESTUDIANTE (NombreUsuario,PrimerNombre,PrimerApellido,CarreraEst) VALUES ('a216','a','b','Ingenieria de Computacion');
INSERT INTO dycicle.GESTION VALUES ('a216','Brasil','Universidad Estadual de Campinas','2','0','1','2','4','2','5','4','3','4','4','1','1','3','1','1');

INSERT INTO dycicle.USUARIO VALUES ('a217','217@gmai.com',5,'a','123456','now');
INSERT INTO dycicle.ESTUDIANTE (NombreUsuario,PrimerNombre,PrimerApellido,CarreraEst) VALUES ('a217','a','b','Ingenieria de Computacion');
INSERT INTO dycicle.GESTION VALUES ('a217','Alemania','Universidad de Siegen','4','1','0','0','3','1','0','0','2','0','2','4','4','4','1','5');

INSERT INTO dycicle.USUARIO VALUES ('a218','218@gmai.com',5,'a','123456','now');
INSERT INTO dycicle.ESTUDIANTE (NombreUsuario,PrimerNombre,PrimerApellido,CarreraEst) VALUES ('a218','a','b','Ingenieria de Materiales');
INSERT INTO dycicle.GESTION VALUES ('a218','Bolivia','Universidad Privada Santa Cruz de la Sierra','4','5','1','0','3','4','4','2','1','0','5','5','5','5','4','3');

INSERT INTO dycicle.USUARIO VALUES ('a219','219@gmai.com',5,'a','123456','now');
INSERT INTO dycicle.ESTUDIANTE (NombreUsuario,PrimerNombre,PrimerApellido,CarreraEst) VALUES ('a219','a','b','Ingenieria de Materiales');
INSERT INTO dycicle.GESTION VALUES ('a219','Alemania','Universidad de Siegen','1','2','1','0','0','1','1','1','3','1','0','3','3','3','5','5');

INSERT INTO dycicle.USUARIO VALUES ('a220','220@gmai.com',5,'a','123456','now');
INSERT INTO dycicle.ESTUDIANTE (NombreUsuario,PrimerNombre,PrimerApellido,CarreraEst) VALUES ('a220','a','b','Ingenieria de Computacion');
INSERT INTO dycicle.GESTION VALUES ('a220','Colombia','Universidad del Valle','2','3','1','5','0','4','2','3','2','5','1','0','5','4','3','1');

INSERT INTO dycicle.USUARIO VALUES ('a221','221@gmai.com',5,'a','123456','now');
INSERT INTO dycicle.ESTUDIANTE (NombreUsuario,PrimerNombre,PrimerApellido,CarreraEst) VALUES ('a221','a','b','Ingenieria de Materiales');
INSERT INTO dycicle.GESTION VALUES ('a221','Argentina','Universidad Nacional de Cuyo','3','5','4','2','5','3','3','3','0','4','4','0','5','5','4','2');

INSERT INTO dycicle.USUARIO VALUES ('a222','222@gmai.com',5,'a','123456','now');
INSERT INTO dycicle.ESTUDIANTE (NombreUsuario,PrimerNombre,PrimerApellido,CarreraEst) VALUES ('a222','a','b','Ingenieria de Materiales');
INSERT INTO dycicle.GESTION VALUES ('a222','Bolivia','Universidad Privada Santa Cruz de la Sierra','0','2','2','3','0','1','4','4','3','3','2','0','3','4','0','5');

INSERT INTO dycicle.USUARIO VALUES ('a223','223@gmai.com',5,'a','123456','now');
INSERT INTO dycicle.ESTUDIANTE (NombreUsuario,PrimerNombre,PrimerApellido,CarreraEst) VALUES ('a223','a','b','Ingenieria de Computacion');
INSERT INTO dycicle.GESTION VALUES ('a223','Polonia','AGH Universidad de Ciencias y Tecnologia','5','1','1','5','1','5','4','4','4','3','5','5','1','2','4','2');

INSERT INTO dycicle.USUARIO VALUES ('a224','224@gmai.com',5,'a','123456','now');
INSERT INTO dycicle.ESTUDIANTE (NombreUsuario,PrimerNombre,PrimerApellido,CarreraEst) VALUES ('a224','a','b','Ingenieria de Computacion');
INSERT INTO dycicle.GESTION VALUES ('a224','Polonia','AGH Universidad de Ciencias y Tecnologia','1','1','2','0','0','4','1','5','5','0','2','0','0','4','0','5');

INSERT INTO dycicle.USUARIO VALUES ('a225','225@gmai.com',5,'a','123456','now');
INSERT INTO dycicle.ESTUDIANTE (NombreUsuario,PrimerNombre,PrimerApellido,CarreraEst) VALUES ('a225','a','b','Ingenieria de Materiales');
INSERT INTO dycicle.GESTION VALUES ('a225','Colombia','Universidad del Valle','4','0','5','3','4','1','1','4','4','0','4','5','5','1','3','1');

INSERT INTO dycicle.USUARIO VALUES ('a226','226@gmai.com',5,'a','123456','now');
INSERT INTO dycicle.ESTUDIANTE (NombreUsuario,PrimerNombre,PrimerApellido,CarreraEst) VALUES ('a226','a','b','Ingenieria de Materiales');
INSERT INTO dycicle.GESTION VALUES ('a226','Brasil','Universidad Estadual de Campinas','2','1','2','3','5','3','5','3','4','5','4','5','2','4','5','3');

INSERT INTO dycicle.USUARIO VALUES ('a227','227@gmai.com',5,'a','123456','now');
INSERT INTO dycicle.ESTUDIANTE (NombreUsuario,PrimerNombre,PrimerApellido,CarreraEst) VALUES ('a227','a','b','Ingenieria de Materiales');
INSERT INTO dycicle.GESTION VALUES ('a227','Brasil','Universidad Estadual de Campinas','2','1','1','3','0','0','5','3','4','3','1','4','3','0','2','0');

INSERT INTO dycicle.USUARIO VALUES ('a228','228@gmai.com',5,'a','123456','now');
INSERT INTO dycicle.ESTUDIANTE (NombreUsuario,PrimerNombre,PrimerApellido,CarreraEst) VALUES ('a228','a','b','Ingenieria de Materiales');
INSERT INTO dycicle.GESTION VALUES ('a228','Alemania','Universidad de Siegen','3','4','0','3','0','1','2','5','4','2','3','2','2','1','5','2');

INSERT INTO dycicle.USUARIO VALUES ('a229','229@gmai.com',5,'a','123456','now');
INSERT INTO dycicle.ESTUDIANTE (NombreUsuario,PrimerNombre,PrimerApellido,CarreraEst) VALUES ('a229','a','b','Ingenieria de Materiales');
INSERT INTO dycicle.GESTION VALUES ('a229','Brasil','Universidad Estadual de Campinas','0','1','2','0','5','4','1','0','5','3','4','5','1','1','5','5');

INSERT INTO dycicle.USUARIO VALUES ('a230','230@gmai.com',5,'a','123456','now');
INSERT INTO dycicle.ESTUDIANTE (NombreUsuario,PrimerNombre,PrimerApellido,CarreraEst) VALUES ('a230','a','b','Ingenieria de Computacion');
INSERT INTO dycicle.GESTION VALUES ('a230','Colombia','Universidad del Valle','3','3','1','0','3','2','4','4','3','5','0','3','4','3','1','4');

INSERT INTO dycicle.USUARIO VALUES ('a231','231@gmai.com',5,'a','123456','now');
INSERT INTO dycicle.ESTUDIANTE (NombreUsuario,PrimerNombre,PrimerApellido,CarreraEst) VALUES ('a231','a','b','Ingenieria de Materiales');
INSERT INTO dycicle.GESTION VALUES ('a231','Colombia','Universidad del Valle','1','5','1','4','0','0','0','1','3','3','2','2','5','0','3','5');

INSERT INTO dycicle.USUARIO VALUES ('a232','232@gmai.com',5,'a','123456','now');
INSERT INTO dycicle.ESTUDIANTE (NombreUsuario,PrimerNombre,PrimerApellido,CarreraEst) VALUES ('a232','a','b','Ingenieria de Materiales');
INSERT INTO dycicle.GESTION VALUES ('a232','Bolivia','Universidad Privada Santa Cruz de la Sierra','4','5','3','4','0','2','3','3','0','3','1','4','2','4','4','3');

INSERT INTO dycicle.USUARIO VALUES ('a233','233@gmai.com',5,'a','123456','now');
INSERT INTO dycicle.ESTUDIANTE (NombreUsuario,PrimerNombre,PrimerApellido,CarreraEst) VALUES ('a233','a','b','Ingenieria de Materiales');
INSERT INTO dycicle.GESTION VALUES ('a233','Alemania','Universidad de Siegen','5','0','0','3','2','0','2','3','1','5','3','0','3','3','5','1');

INSERT INTO dycicle.USUARIO VALUES ('a234','234@gmai.com',5,'a','123456','now');
INSERT INTO dycicle.ESTUDIANTE (NombreUsuario,PrimerNombre,PrimerApellido,CarreraEst) VALUES ('a234','a','b','Ingenieria de Materiales');
INSERT INTO dycicle.GESTION VALUES ('a234','Alemania','Universidad de Siegen','3','0','4','1','0','1','0','3','3','2','5','5','5','1','3','1');

INSERT INTO dycicle.USUARIO VALUES ('a235','235@gmai.com',5,'a','123456','now');
INSERT INTO dycicle.ESTUDIANTE (NombreUsuario,PrimerNombre,PrimerApellido,CarreraEst) VALUES ('a235','a','b','Ingenieria de Computacion');
INSERT INTO dycicle.GESTION VALUES ('a235','Polonia','AGH Universidad de Ciencias y Tecnologia','0','2','3','5','2','5','3','3','2','1','3','5','5','4','2','3');

INSERT INTO dycicle.USUARIO VALUES ('a236','236@gmai.com',5,'a','123456','now');
INSERT INTO dycicle.ESTUDIANTE (NombreUsuario,PrimerNombre,PrimerApellido,CarreraEst) VALUES ('a236','a','b','Ingenieria de Computacion');
INSERT INTO dycicle.GESTION VALUES ('a236','Colombia','Universidad del Valle','0','5','0','0','4','4','5','3','5','1','2','0','3','3','1','4');

INSERT INTO dycicle.USUARIO VALUES ('a237','237@gmai.com',5,'a','123456','now');
INSERT INTO dycicle.ESTUDIANTE (NombreUsuario,PrimerNombre,PrimerApellido,CarreraEst) VALUES ('a237','a','b','Ingenieria de Materiales');
INSERT INTO dycicle.GESTION VALUES ('a237','Polonia','AGH Universidad de Ciencias y Tecnologia','5','0','0','4','0','3','0','0','1','1','5','3','1','4','5','2');

INSERT INTO dycicle.USUARIO VALUES ('a238','238@gmai.com',5,'a','123456','now');
INSERT INTO dycicle.ESTUDIANTE (NombreUsuario,PrimerNombre,PrimerApellido,CarreraEst) VALUES ('a238','a','b','Ingenieria de Computacion');
INSERT INTO dycicle.GESTION VALUES ('a238','Bolivia','Universidad Privada Santa Cruz de la Sierra','4','1','3','3','4','0','0','5','4','5','1','0','0','5','4','2');

INSERT INTO dycicle.USUARIO VALUES ('a239','239@gmai.com',5,'a','123456','now');
INSERT INTO dycicle.ESTUDIANTE (NombreUsuario,PrimerNombre,PrimerApellido,CarreraEst) VALUES ('a239','a','b','Ingenieria de Computacion');
INSERT INTO dycicle.GESTION VALUES ('a239','Alemania','Universidad de Siegen','1','1','2','4','2','4','5','1','1','2','5','3','1','0','4','2');

INSERT INTO dycicle.USUARIO VALUES ('a240','240@gmai.com',5,'a','123456','now');
INSERT INTO dycicle.ESTUDIANTE (NombreUsuario,PrimerNombre,PrimerApellido,CarreraEst) VALUES ('a240','a','b','Ingenieria de Materiales');
INSERT INTO dycicle.GESTION VALUES ('a240','Brasil','Universidad Estadual de Campinas','3','4','2','3','1','1','4','3','4','4','0','5','2','0','0','4');

INSERT INTO dycicle.USUARIO VALUES ('a241','241@gmai.com',5,'a','123456','now');
INSERT INTO dycicle.ESTUDIANTE (NombreUsuario,PrimerNombre,PrimerApellido,CarreraEst) VALUES ('a241','a','b','Ingenieria de Computacion');
INSERT INTO dycicle.GESTION VALUES ('a241','Brasil','Universidad Estadual de Campinas','2','4','3','4','5','5','2','2','1','2','1','3','2','1','3','0');

INSERT INTO dycicle.USUARIO VALUES ('a242','242@gmai.com',5,'a','123456','now');
INSERT INTO dycicle.ESTUDIANTE (NombreUsuario,PrimerNombre,PrimerApellido,CarreraEst) VALUES ('a242','a','b','Ingenieria de Computacion');
INSERT INTO dycicle.GESTION VALUES ('a242','Argentina','Universidad Nacional de Cuyo','3','4','0','3','5','0','1','0','0','5','3','5','2','4','0','0');

INSERT INTO dycicle.USUARIO VALUES ('a243','243@gmai.com',5,'a','123456','now');
INSERT INTO dycicle.ESTUDIANTE (NombreUsuario,PrimerNombre,PrimerApellido,CarreraEst) VALUES ('a243','a','b','Ingenieria de Materiales');
INSERT INTO dycicle.GESTION VALUES ('a243','Bolivia','Universidad Privada Santa Cruz de la Sierra','3','0','4','2','2','2','4','0','2','2','5','1','1','5','0','1');

INSERT INTO dycicle.USUARIO VALUES ('a244','244@gmai.com',5,'a','123456','now');
INSERT INTO dycicle.ESTUDIANTE (NombreUsuario,PrimerNombre,PrimerApellido,CarreraEst) VALUES ('a244','a','b','Ingenieria de Materiales');
INSERT INTO dycicle.GESTION VALUES ('a244','Polonia','AGH Universidad de Ciencias y Tecnologia','0','2','2','5','0','1','0','1','4','4','1','3','4','0','1','2');

INSERT INTO dycicle.USUARIO VALUES ('a245','245@gmai.com',5,'a','123456','now');
INSERT INTO dycicle.ESTUDIANTE (NombreUsuario,PrimerNombre,PrimerApellido,CarreraEst) VALUES ('a245','a','b','Ingenieria de Computacion');
INSERT INTO dycicle.GESTION VALUES ('a245','Alemania','Universidad de Siegen','1','5','3','1','0','5','4','1','3','4','1','2','2','0','1','1');

INSERT INTO dycicle.USUARIO VALUES ('a246','246@gmai.com',5,'a','123456','now');
INSERT INTO dycicle.ESTUDIANTE (NombreUsuario,PrimerNombre,PrimerApellido,CarreraEst) VALUES ('a246','a','b','Ingenieria de Materiales');
INSERT INTO dycicle.GESTION VALUES ('a246','Argentina','Universidad Nacional de Cuyo','3','4','4','1','5','0','3','2','2','1','5','0','1','1','5','1');

INSERT INTO dycicle.USUARIO VALUES ('a247','247@gmai.com',5,'a','123456','now');
INSERT INTO dycicle.ESTUDIANTE (NombreUsuario,PrimerNombre,PrimerApellido,CarreraEst) VALUES ('a247','a','b','Ingenieria de Materiales');
INSERT INTO dycicle.GESTION VALUES ('a247','Bolivia','Universidad Privada Santa Cruz de la Sierra','3','5','3','0','4','5','3','4','3','2','1','5','3','3','4','5');

INSERT INTO dycicle.USUARIO VALUES ('a248','248@gmai.com',5,'a','123456','now');
INSERT INTO dycicle.ESTUDIANTE (NombreUsuario,PrimerNombre,PrimerApellido,CarreraEst) VALUES ('a248','a','b','Ingenieria de Computacion');
INSERT INTO dycicle.GESTION VALUES ('a248','Colombia','Universidad del Valle','0','1','2','5','2','2','2','0','0','5','3','1','3','1','5','0');

INSERT INTO dycicle.USUARIO VALUES ('a249','249@gmai.com',5,'a','123456','now');
INSERT INTO dycicle.ESTUDIANTE (NombreUsuario,PrimerNombre,PrimerApellido,CarreraEst) VALUES ('a249','a','b','Ingenieria de Computacion');
INSERT INTO dycicle.GESTION VALUES ('a249','Colombia','Universidad del Valle','3','1','1','2','1','1','5','3','1','1','2','3','3','3','4','1');

INSERT INTO dycicle.USUARIO VALUES ('a250','250@gmai.com',5,'a','123456','now');
INSERT INTO dycicle.ESTUDIANTE (NombreUsuario,PrimerNombre,PrimerApellido,CarreraEst) VALUES ('a250','a','b','Ingenieria de Computacion');
INSERT INTO dycicle.GESTION VALUES ('a250','Bolivia','Universidad Privada Santa Cruz de la Sierra','0','2','3','3','5','0','2','3','3','3','2','2','4','0','3','0');

INSERT INTO dycicle.USUARIO VALUES ('a251','251@gmai.com',5,'a','123456','now');
INSERT INTO dycicle.ESTUDIANTE (NombreUsuario,PrimerNombre,PrimerApellido,CarreraEst) VALUES ('a251','a','b','Ingenieria de Materiales');
INSERT INTO dycicle.GESTION VALUES ('a251','Alemania','Universidad de Siegen','5','3','4','1','0','3','4','2','3','4','4','2','4','5','5','1');

INSERT INTO dycicle.USUARIO VALUES ('a252','252@gmai.com',5,'a','123456','now');
INSERT INTO dycicle.ESTUDIANTE (NombreUsuario,PrimerNombre,PrimerApellido,CarreraEst) VALUES ('a252','a','b','Ingenieria de Computacion');
INSERT INTO dycicle.GESTION VALUES ('a252','Colombia','Universidad del Valle','3','0','5','0','5','2','1','4','2','0','0','3','5','4','1','1');

INSERT INTO dycicle.USUARIO VALUES ('a253','253@gmai.com',5,'a','123456','now');
INSERT INTO dycicle.ESTUDIANTE (NombreUsuario,PrimerNombre,PrimerApellido,CarreraEst) VALUES ('a253','a','b','Ingenieria de Computacion');
INSERT INTO dycicle.GESTION VALUES ('a253','Bolivia','Universidad Privada Santa Cruz de la Sierra','3','5','5','2','1','4','4','5','2','4','4','5','3','3','2','5');

INSERT INTO dycicle.USUARIO VALUES ('a254','254@gmai.com',5,'a','123456','now');
INSERT INTO dycicle.ESTUDIANTE (NombreUsuario,PrimerNombre,PrimerApellido,CarreraEst) VALUES ('a254','a','b','Ingenieria de Materiales');
INSERT INTO dycicle.GESTION VALUES ('a254','Alemania','Universidad de Siegen','4','1','5','3','5','0','2','0','2','4','5','3','4','4','0','4');

INSERT INTO dycicle.USUARIO VALUES ('a255','255@gmai.com',5,'a','123456','now');
INSERT INTO dycicle.ESTUDIANTE (NombreUsuario,PrimerNombre,PrimerApellido,CarreraEst) VALUES ('a255','a','b','Ingenieria de Computacion');
INSERT INTO dycicle.GESTION VALUES ('a255','Polonia','AGH Universidad de Ciencias y Tecnologia','2','5','0','4','2','2','1','3','5','4','0','3','0','2','5','5');

INSERT INTO dycicle.USUARIO VALUES ('a256','256@gmai.com',5,'a','123456','now');
INSERT INTO dycicle.ESTUDIANTE (NombreUsuario,PrimerNombre,PrimerApellido,CarreraEst) VALUES ('a256','a','b','Ingenieria de Computacion');
INSERT INTO dycicle.GESTION VALUES ('a256','Bolivia','Universidad Privada Santa Cruz de la Sierra','4','2','2','2','5','2','1','1','2','4','1','4','4','4','4','2');

INSERT INTO dycicle.USUARIO VALUES ('a257','257@gmai.com',5,'a','123456','now');
INSERT INTO dycicle.ESTUDIANTE (NombreUsuario,PrimerNombre,PrimerApellido,CarreraEst) VALUES ('a257','a','b','Ingenieria de Materiales');
INSERT INTO dycicle.GESTION VALUES ('a257','Colombia','Universidad del Valle','1','1','1','2','5','0','5','5','5','5','0','0','2','3','0','3');

INSERT INTO dycicle.USUARIO VALUES ('a258','258@gmai.com',5,'a','123456','now');
INSERT INTO dycicle.ESTUDIANTE (NombreUsuario,PrimerNombre,PrimerApellido,CarreraEst) VALUES ('a258','a','b','Ingenieria de Computacion');
INSERT INTO dycicle.GESTION VALUES ('a258','Polonia','AGH Universidad de Ciencias y Tecnologia','5','0','4','2','5','3','1','2','4','1','3','5','5','5','3','3');

INSERT INTO dycicle.USUARIO VALUES ('a259','259@gmai.com',5,'a','123456','now');
INSERT INTO dycicle.ESTUDIANTE (NombreUsuario,PrimerNombre,PrimerApellido,CarreraEst) VALUES ('a259','a','b','Ingenieria de Computacion');
INSERT INTO dycicle.GESTION VALUES ('a259','Argentina','Universidad Nacional de Cuyo','0','2','4','3','2','5','0','0','5','5','2','4','1','3','1','1');

INSERT INTO dycicle.USUARIO VALUES ('a260','260@gmai.com',5,'a','123456','now');
INSERT INTO dycicle.ESTUDIANTE (NombreUsuario,PrimerNombre,PrimerApellido,CarreraEst) VALUES ('a260','a','b','Ingenieria de Computacion');
INSERT INTO dycicle.GESTION VALUES ('a260','Colombia','Universidad del Valle','3','0','5','2','2','5','0','0','2','5','2','2','2','0','5','4');

INSERT INTO dycicle.USUARIO VALUES ('a261','261@gmai.com',5,'a','123456','now');
INSERT INTO dycicle.ESTUDIANTE (NombreUsuario,PrimerNombre,PrimerApellido,CarreraEst) VALUES ('a261','a','b','Ingenieria de Materiales');
INSERT INTO dycicle.GESTION VALUES ('a261','Bolivia','Universidad Privada Santa Cruz de la Sierra','3','5','4','4','5','1','4','0','5','3','0','5','0','1','4','3');

INSERT INTO dycicle.USUARIO VALUES ('a262','262@gmai.com',5,'a','123456','now');
INSERT INTO dycicle.ESTUDIANTE (NombreUsuario,PrimerNombre,PrimerApellido,CarreraEst) VALUES ('a262','a','b','Ingenieria de Materiales');
INSERT INTO dycicle.GESTION VALUES ('a262','Argentina','Universidad Nacional de Cuyo','3','3','4','3','1','5','1','5','1','4','4','4','1','1','0','2');

INSERT INTO dycicle.USUARIO VALUES ('a263','263@gmai.com',5,'a','123456','now');
INSERT INTO dycicle.ESTUDIANTE (NombreUsuario,PrimerNombre,PrimerApellido,CarreraEst) VALUES ('a263','a','b','Ingenieria de Materiales');
INSERT INTO dycicle.GESTION VALUES ('a263','Argentina','Universidad Nacional de Cuyo','2','2','1','4','3','3','3','4','2','0','3','5','4','4','1','5');

INSERT INTO dycicle.USUARIO VALUES ('a264','264@gmai.com',5,'a','123456','now');
INSERT INTO dycicle.ESTUDIANTE (NombreUsuario,PrimerNombre,PrimerApellido,CarreraEst) VALUES ('a264','a','b','Ingenieria de Computacion');
INSERT INTO dycicle.GESTION VALUES ('a264','Alemania','Universidad de Siegen','1','2','2','1','3','4','2','5','5','4','0','0','2','0','3','2');

INSERT INTO dycicle.USUARIO VALUES ('a265','265@gmai.com',5,'a','123456','now');
INSERT INTO dycicle.ESTUDIANTE (NombreUsuario,PrimerNombre,PrimerApellido,CarreraEst) VALUES ('a265','a','b','Ingenieria de Computacion');
INSERT INTO dycicle.GESTION VALUES ('a265','Argentina','Universidad Nacional de Cuyo','1','2','4','0','4','2','2','1','2','5','5','3','0','3','2','0');

INSERT INTO dycicle.USUARIO VALUES ('a266','266@gmai.com',5,'a','123456','now');
INSERT INTO dycicle.ESTUDIANTE (NombreUsuario,PrimerNombre,PrimerApellido,CarreraEst) VALUES ('a266','a','b','Ingenieria de Computacion');
INSERT INTO dycicle.GESTION VALUES ('a266','Alemania','Universidad de Siegen','4','4','1','0','1','2','5','0','1','4','2','5','2','4','1','0');

INSERT INTO dycicle.USUARIO VALUES ('a267','267@gmai.com',5,'a','123456','now');
INSERT INTO dycicle.ESTUDIANTE (NombreUsuario,PrimerNombre,PrimerApellido,CarreraEst) VALUES ('a267','a','b','Ingenieria de Materiales');
INSERT INTO dycicle.GESTION VALUES ('a267','Bolivia','Universidad Privada Santa Cruz de la Sierra','1','2','5','5','2','4','5','5','2','2','2','2','2','0','5','1');

INSERT INTO dycicle.USUARIO VALUES ('a268','268@gmai.com',5,'a','123456','now');
INSERT INTO dycicle.ESTUDIANTE (NombreUsuario,PrimerNombre,PrimerApellido,CarreraEst) VALUES ('a268','a','b','Ingenieria de Computacion');
INSERT INTO dycicle.GESTION VALUES ('a268','Colombia','Universidad del Valle','4','5','1','5','3','4','4','3','0','1','0','4','4','4','3','3');

INSERT INTO dycicle.USUARIO VALUES ('a269','269@gmai.com',5,'a','123456','now');
INSERT INTO dycicle.ESTUDIANTE (NombreUsuario,PrimerNombre,PrimerApellido,CarreraEst) VALUES ('a269','a','b','Ingenieria de Materiales');
INSERT INTO dycicle.GESTION VALUES ('a269','Colombia','Universidad del Valle','1','4','3','2','4','0','4','0','0','2','2','2','4','0','0','1');

INSERT INTO dycicle.USUARIO VALUES ('a270','270@gmai.com',5,'a','123456','now');
INSERT INTO dycicle.ESTUDIANTE (NombreUsuario,PrimerNombre,PrimerApellido,CarreraEst) VALUES ('a270','a','b','Ingenieria de Computacion');
INSERT INTO dycicle.GESTION VALUES ('a270','Argentina','Universidad Nacional de Cuyo','5','5','0','1','1','4','0','5','3','5','5','4','5','1','1','5');

INSERT INTO dycicle.USUARIO VALUES ('a271','271@gmai.com',5,'a','123456','now');
INSERT INTO dycicle.ESTUDIANTE (NombreUsuario,PrimerNombre,PrimerApellido,CarreraEst) VALUES ('a271','a','b','Ingenieria de Materiales');
INSERT INTO dycicle.GESTION VALUES ('a271','Argentina','Universidad Nacional de Cuyo','4','0','3','4','1','2','2','0','4','2','0','2','2','0','4','4');

INSERT INTO dycicle.USUARIO VALUES ('a272','272@gmai.com',5,'a','123456','now');
INSERT INTO dycicle.ESTUDIANTE (NombreUsuario,PrimerNombre,PrimerApellido,CarreraEst) VALUES ('a272','a','b','Ingenieria de Materiales');
INSERT INTO dycicle.GESTION VALUES ('a272','Polonia','AGH Universidad de Ciencias y Tecnologia','3','2','5','4','3','2','2','1','0','3','3','0','4','1','1','3');

INSERT INTO dycicle.USUARIO VALUES ('a273','273@gmai.com',5,'a','123456','now');
INSERT INTO dycicle.ESTUDIANTE (NombreUsuario,PrimerNombre,PrimerApellido,CarreraEst) VALUES ('a273','a','b','Ingenieria de Materiales');
INSERT INTO dycicle.GESTION VALUES ('a273','Bolivia','Universidad Privada Santa Cruz de la Sierra','0','5','3','5','2','1','4','0','0','2','3','2','2','2','2','4');

INSERT INTO dycicle.USUARIO VALUES ('a274','274@gmai.com',5,'a','123456','now');
INSERT INTO dycicle.ESTUDIANTE (NombreUsuario,PrimerNombre,PrimerApellido,CarreraEst) VALUES ('a274','a','b','Ingenieria de Materiales');
INSERT INTO dycicle.GESTION VALUES ('a274','Alemania','Universidad de Siegen','4','4','3','2','4','4','4','1','1','3','3','5','5','1','1','5');

INSERT INTO dycicle.USUARIO VALUES ('a275','275@gmai.com',5,'a','123456','now');
INSERT INTO dycicle.ESTUDIANTE (NombreUsuario,PrimerNombre,PrimerApellido,CarreraEst) VALUES ('a275','a','b','Ingenieria de Materiales');
INSERT INTO dycicle.GESTION VALUES ('a275','Colombia','Universidad del Valle','5','4','2','0','2','4','3','5','2','2','3','2','5','0','2','2');

INSERT INTO dycicle.USUARIO VALUES ('a276','276@gmai.com',5,'a','123456','now');
INSERT INTO dycicle.ESTUDIANTE (NombreUsuario,PrimerNombre,PrimerApellido,CarreraEst) VALUES ('a276','a','b','Ingenieria de Computacion');
INSERT INTO dycicle.GESTION VALUES ('a276','Polonia','AGH Universidad de Ciencias y Tecnologia','1','2','5','4','3','1','3','0','4','1','1','5','3','5','0','5');

INSERT INTO dycicle.USUARIO VALUES ('a277','277@gmai.com',5,'a','123456','now');
INSERT INTO dycicle.ESTUDIANTE (NombreUsuario,PrimerNombre,PrimerApellido,CarreraEst) VALUES ('a277','a','b','Ingenieria de Computacion');
INSERT INTO dycicle.GESTION VALUES ('a277','Bolivia','Universidad Privada Santa Cruz de la Sierra','3','0','4','3','4','4','4','5','1','2','1','4','1','4','0','0');

INSERT INTO dycicle.USUARIO VALUES ('a278','278@gmai.com',5,'a','123456','now');
INSERT INTO dycicle.ESTUDIANTE (NombreUsuario,PrimerNombre,PrimerApellido,CarreraEst) VALUES ('a278','a','b','Ingenieria de Computacion');
INSERT INTO dycicle.GESTION VALUES ('a278','Alemania','Universidad de Siegen','3','3','4','3','4','0','4','2','5','3','5','4','5','5','4','1');

INSERT INTO dycicle.USUARIO VALUES ('a279','279@gmai.com',5,'a','123456','now');
INSERT INTO dycicle.ESTUDIANTE (NombreUsuario,PrimerNombre,PrimerApellido,CarreraEst) VALUES ('a279','a','b','Ingenieria de Computacion');
INSERT INTO dycicle.GESTION VALUES ('a279','Brasil','Universidad Estadual de Campinas','5','4','2','2','1','4','0','4','2','0','5','5','5','1','5','1');

INSERT INTO dycicle.USUARIO VALUES ('a280','280@gmai.com',5,'a','123456','now');
INSERT INTO dycicle.ESTUDIANTE (NombreUsuario,PrimerNombre,PrimerApellido,CarreraEst) VALUES ('a280','a','b','Ingenieria de Materiales');
INSERT INTO dycicle.GESTION VALUES ('a280','Polonia','AGH Universidad de Ciencias y Tecnologia','5','3','4','5','4','4','3','1','5','0','1','1','2','4','2','3');

INSERT INTO dycicle.USUARIO VALUES ('a281','281@gmai.com',5,'a','123456','now');
INSERT INTO dycicle.ESTUDIANTE (NombreUsuario,PrimerNombre,PrimerApellido,CarreraEst) VALUES ('a281','a','b','Ingenieria de Computacion');
INSERT INTO dycicle.GESTION VALUES ('a281','Alemania','Universidad de Siegen','2','5','5','5','5','1','2','1','2','5','3','3','4','0','3','3');

INSERT INTO dycicle.USUARIO VALUES ('a282','282@gmai.com',5,'a','123456','now');
INSERT INTO dycicle.ESTUDIANTE (NombreUsuario,PrimerNombre,PrimerApellido,CarreraEst) VALUES ('a282','a','b','Ingenieria de Materiales');
INSERT INTO dycicle.GESTION VALUES ('a282','Argentina','Universidad Nacional de Cuyo','3','2','3','0','4','3','1','4','1','0','1','1','0','5','2','2');

INSERT INTO dycicle.USUARIO VALUES ('a283','283@gmai.com',5,'a','123456','now');
INSERT INTO dycicle.ESTUDIANTE (NombreUsuario,PrimerNombre,PrimerApellido,CarreraEst) VALUES ('a283','a','b','Ingenieria de Computacion');
INSERT INTO dycicle.GESTION VALUES ('a283','Argentina','Universidad Nacional de Cuyo','3','1','2','4','2','1','4','0','0','2','3','0','4','2','4','4');

INSERT INTO dycicle.USUARIO VALUES ('a284','284@gmai.com',5,'a','123456','now');
INSERT INTO dycicle.ESTUDIANTE (NombreUsuario,PrimerNombre,PrimerApellido,CarreraEst) VALUES ('a284','a','b','Ingenieria de Materiales');
INSERT INTO dycicle.GESTION VALUES ('a284','Colombia','Universidad del Valle','2','4','5','0','3','0','5','4','3','2','5','3','2','5','0','1');

INSERT INTO dycicle.USUARIO VALUES ('a285','285@gmai.com',5,'a','123456','now');
INSERT INTO dycicle.ESTUDIANTE (NombreUsuario,PrimerNombre,PrimerApellido,CarreraEst) VALUES ('a285','a','b','Ingenieria de Computacion');
INSERT INTO dycicle.GESTION VALUES ('a285','Colombia','Universidad del Valle','3','0','4','2','5','4','2','0','4','1','2','4','2','1','3','1');

INSERT INTO dycicle.USUARIO VALUES ('a286','286@gmai.com',5,'a','123456','now');
INSERT INTO dycicle.ESTUDIANTE (NombreUsuario,PrimerNombre,PrimerApellido,CarreraEst) VALUES ('a286','a','b','Ingenieria de Materiales');
INSERT INTO dycicle.GESTION VALUES ('a286','Brasil','Universidad Estadual de Campinas','0','2','2','2','2','3','4','1','4','4','3','3','4','0','3','4');

INSERT INTO dycicle.USUARIO VALUES ('a287','287@gmai.com',5,'a','123456','now');
INSERT INTO dycicle.ESTUDIANTE (NombreUsuario,PrimerNombre,PrimerApellido,CarreraEst) VALUES ('a287','a','b','Ingenieria de Computacion');
INSERT INTO dycicle.GESTION VALUES ('a287','Argentina','Universidad Nacional de Cuyo','4','4','3','0','5','1','4','0','3','3','2','3','3','4','0','0');

INSERT INTO dycicle.USUARIO VALUES ('a288','288@gmai.com',5,'a','123456','now');
INSERT INTO dycicle.ESTUDIANTE (NombreUsuario,PrimerNombre,PrimerApellido,CarreraEst) VALUES ('a288','a','b','Ingenieria de Computacion');
INSERT INTO dycicle.GESTION VALUES ('a288','Brasil','Universidad Estadual de Campinas','3','5','1','2','3','0','3','3','3','0','4','4','2','5','4','5');

INSERT INTO dycicle.USUARIO VALUES ('a289','289@gmai.com',5,'a','123456','now');
INSERT INTO dycicle.ESTUDIANTE (NombreUsuario,PrimerNombre,PrimerApellido,CarreraEst) VALUES ('a289','a','b','Ingenieria de Computacion');
INSERT INTO dycicle.GESTION VALUES ('a289','Colombia','Universidad del Valle','1','1','1','1','2','1','5','0','2','0','4','0','0','5','2','2');

INSERT INTO dycicle.USUARIO VALUES ('a290','290@gmai.com',5,'a','123456','now');
INSERT INTO dycicle.ESTUDIANTE (NombreUsuario,PrimerNombre,PrimerApellido,CarreraEst) VALUES ('a290','a','b','Ingenieria de Computacion');
INSERT INTO dycicle.GESTION VALUES ('a290','Alemania','Universidad de Siegen','3','4','0','4','0','3','1','5','1','5','4','1','5','2','2','3');

INSERT INTO dycicle.USUARIO VALUES ('a291','291@gmai.com',5,'a','123456','now');
INSERT INTO dycicle.ESTUDIANTE (NombreUsuario,PrimerNombre,PrimerApellido,CarreraEst) VALUES ('a291','a','b','Ingenieria de Materiales');
INSERT INTO dycicle.GESTION VALUES ('a291','Polonia','AGH Universidad de Ciencias y Tecnologia','2','5','2','0','5','1','2','2','4','5','2','4','1','3','4','1');

INSERT INTO dycicle.USUARIO VALUES ('a292','292@gmai.com',5,'a','123456','now');
INSERT INTO dycicle.ESTUDIANTE (NombreUsuario,PrimerNombre,PrimerApellido,CarreraEst) VALUES ('a292','a','b','Ingenieria de Materiales');
INSERT INTO dycicle.GESTION VALUES ('a292','Argentina','Universidad Nacional de Cuyo','4','4','2','3','4','4','3','2','5','5','3','5','0','1','2','4');

INSERT INTO dycicle.USUARIO VALUES ('a293','293@gmai.com',5,'a','123456','now');
INSERT INTO dycicle.ESTUDIANTE (NombreUsuario,PrimerNombre,PrimerApellido,CarreraEst) VALUES ('a293','a','b','Ingenieria de Materiales');
INSERT INTO dycicle.GESTION VALUES ('a293','Polonia','AGH Universidad de Ciencias y Tecnologia','2','5','0','5','2','3','0','4','5','1','4','5','1','0','2','0');

INSERT INTO dycicle.USUARIO VALUES ('a294','294@gmai.com',5,'a','123456','now');
INSERT INTO dycicle.ESTUDIANTE (NombreUsuario,PrimerNombre,PrimerApellido,CarreraEst) VALUES ('a294','a','b','Ingenieria de Computacion');
INSERT INTO dycicle.GESTION VALUES ('a294','Brasil','Universidad Estadual de Campinas','1','4','4','3','1','4','1','5','5','3','4','4','4','5','2','4');

INSERT INTO dycicle.USUARIO VALUES ('a295','295@gmai.com',5,'a','123456','now');
INSERT INTO dycicle.ESTUDIANTE (NombreUsuario,PrimerNombre,PrimerApellido,CarreraEst) VALUES ('a295','a','b','Ingenieria de Materiales');
INSERT INTO dycicle.GESTION VALUES ('a295','Polonia','AGH Universidad de Ciencias y Tecnologia','4','0','0','3','1','5','1','1','1','2','4','4','2','2','3','4');

INSERT INTO dycicle.USUARIO VALUES ('a296','296@gmai.com',5,'a','123456','now');
INSERT INTO dycicle.ESTUDIANTE (NombreUsuario,PrimerNombre,PrimerApellido,CarreraEst) VALUES ('a296','a','b','Ingenieria de Materiales');
INSERT INTO dycicle.GESTION VALUES ('a296','Bolivia','Universidad Privada Santa Cruz de la Sierra','4','5','0','2','0','0','4','1','4','2','1','1','4','0','3','1');

INSERT INTO dycicle.USUARIO VALUES ('a297','297@gmai.com',5,'a','123456','now');
INSERT INTO dycicle.ESTUDIANTE (NombreUsuario,PrimerNombre,PrimerApellido,CarreraEst) VALUES ('a297','a','b','Ingenieria de Materiales');
INSERT INTO dycicle.GESTION VALUES ('a297','Argentina','Universidad Nacional de Cuyo','3','3','0','2','5','1','5','0','3','2','2','4','5','3','3','5');

INSERT INTO dycicle.USUARIO VALUES ('a298','298@gmai.com',5,'a','123456','now');
INSERT INTO dycicle.ESTUDIANTE (NombreUsuario,PrimerNombre,PrimerApellido,CarreraEst) VALUES ('a298','a','b','Ingenieria de Computacion');
INSERT INTO dycicle.GESTION VALUES ('a298','Brasil','Universidad Estadual de Campinas','1','5','4','5','4','0','0','1','1','5','3','4','4','4','0','0');

INSERT INTO dycicle.USUARIO VALUES ('a299','299@gmai.com',5,'a','123456','now');
INSERT INTO dycicle.ESTUDIANTE (NombreUsuario,PrimerNombre,PrimerApellido,CarreraEst) VALUES ('a299','a','b','Ingenieria de Computacion');
INSERT INTO dycicle.GESTION VALUES ('a299','Colombia','Universidad del Valle','4','4','4','0','0','3','3','3','3','0','1','1','1','2','4','5');

INSERT INTO dycicle.USUARIO VALUES ('a300','300@gmai.com',5,'a','123456','now');
INSERT INTO dycicle.ESTUDIANTE (NombreUsuario,PrimerNombre,PrimerApellido,CarreraEst) VALUES ('a300','a','b','Ingenieria de Computacion');
INSERT INTO dycicle.GESTION VALUES ('a300','Brasil','Universidad Estadual de Campinas','5','0','0','2','3','3','0','3','0','2','2','0','1','2','0','2');

