INSERT INTO dycicle.USUARIO VALUES ('a1','1@gmai.com',5,'a','123456','now');
INSERT INTO dycicle.ESTUDIANTE (NombreUsuario,PrimerNombre,PrimerApellido,CarreraEst) VALUES ('a1','a','b','Ingenieria de Materiales');
INSERT INTO dycicle.GESTION VALUES ('a1','Brasil','Universidad Estadual de Campinas','0','0','3','2','5','3','4','3','2','1','1','2','5','4','5','0');

INSERT INTO dycicle.USUARIO VALUES ('a2','2@gmai.com',5,'a','123456','now');
INSERT INTO dycicle.ESTUDIANTE (NombreUsuario,PrimerNombre,PrimerApellido,CarreraEst) VALUES ('a2','a','b','Ingenieria de Materiales');
INSERT INTO dycicle.GESTION VALUES ('a2','Polonia','AGH Universidad de Ciencias y Tecnologia','3','5','4','0','5','3','2','3','2','0','5','2','1','1','0','3');

INSERT INTO dycicle.USUARIO VALUES ('a3','3@gmai.com',5,'a','123456','now');
INSERT INTO dycicle.ESTUDIANTE (NombreUsuario,PrimerNombre,PrimerApellido,CarreraEst) VALUES ('a3','a','b','Ingenieria de Materiales');
INSERT INTO dycicle.GESTION VALUES ('a3','Bolivia','Universidad Privada Santa Cruz de la Sierra','0','0','3','5','4','5','0','1','0','3','2','0','3','5','5','5');

INSERT INTO dycicle.USUARIO VALUES ('a4','4@gmai.com',5,'a','123456','now');
INSERT INTO dycicle.ESTUDIANTE (NombreUsuario,PrimerNombre,PrimerApellido,CarreraEst) VALUES ('a4','a','b','Ingenieria de Computacion');
INSERT INTO dycicle.GESTION VALUES ('a4','Bolivia','Universidad Privada Santa Cruz de la Sierra','4','5','2','5','3','1','1','1','4','4','5','4','2','5','0','3');

INSERT INTO dycicle.USUARIO VALUES ('a5','5@gmai.com',5,'a','123456','now');
INSERT INTO dycicle.ESTUDIANTE (NombreUsuario,PrimerNombre,PrimerApellido,CarreraEst) VALUES ('a5','a','b','Ingenieria de Materiales');
INSERT INTO dycicle.GESTION VALUES ('a5','Argentina','Universidad Nacional de Cuyo','0','5','2','2','3','1','4','1','5','0','5','1','2','1','2','4');

INSERT INTO dycicle.USUARIO VALUES ('a6','6@gmai.com',5,'a','123456','now');
INSERT INTO dycicle.ESTUDIANTE (NombreUsuario,PrimerNombre,PrimerApellido,CarreraEst) VALUES ('a6','a','b','Ingenieria de Computacion');
INSERT INTO dycicle.GESTION VALUES ('a6','Alemania','Universidad de Siegen','1','1','1','4','0','1','4','4','0','4','1','0','0','0','5','1');

INSERT INTO dycicle.USUARIO VALUES ('a7','7@gmai.com',5,'a','123456','now');
INSERT INTO dycicle.ESTUDIANTE (NombreUsuario,PrimerNombre,PrimerApellido,CarreraEst) VALUES ('a7','a','b','Ingenieria de Computacion');
INSERT INTO dycicle.GESTION VALUES ('a7','Alemania','Universidad de Siegen','1','4','1','3','1','4','2','0','5','5','5','0','0','0','3','4');

INSERT INTO dycicle.USUARIO VALUES ('a8','8@gmai.com',5,'a','123456','now');
INSERT INTO dycicle.ESTUDIANTE (NombreUsuario,PrimerNombre,PrimerApellido,CarreraEst) VALUES ('a8','a','b','Ingenieria de Materiales');
INSERT INTO dycicle.GESTION VALUES ('a8','Argentina','Universidad Nacional de Cuyo','5','5','2','4','5','3','4','2','3','1','0','0','2','1','3','4');

INSERT INTO dycicle.USUARIO VALUES ('a9','9@gmai.com',5,'a','123456','now');
INSERT INTO dycicle.ESTUDIANTE (NombreUsuario,PrimerNombre,PrimerApellido,CarreraEst) VALUES ('a9','a','b','Ingenieria de Computacion');
INSERT INTO dycicle.GESTION VALUES ('a9','Brasil','Universidad Estadual de Campinas','4','2','1','3','3','5','4','2','5','5','4','5','4','5','4','4');

INSERT INTO dycicle.USUARIO VALUES ('a10','10@gmai.com',5,'a','123456','now');
INSERT INTO dycicle.ESTUDIANTE (NombreUsuario,PrimerNombre,PrimerApellido,CarreraEst) VALUES ('a10','a','b','Ingenieria de Materiales');
INSERT INTO dycicle.GESTION VALUES ('a10','Polonia','AGH Universidad de Ciencias y Tecnologia','0','4','3','0','3','0','0','4','1','2','0','1','2','0','4','5');

INSERT INTO dycicle.USUARIO VALUES ('a11','11@gmai.com',5,'a','123456','now');
INSERT INTO dycicle.ESTUDIANTE (NombreUsuario,PrimerNombre,PrimerApellido,CarreraEst) VALUES ('a11','a','b','Ingenieria de Computacion');
INSERT INTO dycicle.GESTION VALUES ('a11','Polonia','AGH Universidad de Ciencias y Tecnologia','5','3','5','3','4','5','2','1','5','3','0','0','0','4','2','1');

INSERT INTO dycicle.USUARIO VALUES ('a12','12@gmai.com',5,'a','123456','now');
INSERT INTO dycicle.ESTUDIANTE (NombreUsuario,PrimerNombre,PrimerApellido,CarreraEst) VALUES ('a12','a','b','Ingenieria de Materiales');
INSERT INTO dycicle.GESTION VALUES ('a12','Polonia','AGH Universidad de Ciencias y Tecnologia','3','1','4','2','4','5','4','4','5','0','1','3','5','0','4','3');

INSERT INTO dycicle.USUARIO VALUES ('a13','13@gmai.com',5,'a','123456','now');
INSERT INTO dycicle.ESTUDIANTE (NombreUsuario,PrimerNombre,PrimerApellido,CarreraEst) VALUES ('a13','a','b','Ingenieria de Computacion');
INSERT INTO dycicle.GESTION VALUES ('a13','Argentina','Universidad Nacional de Cuyo','1','5','4','1','5','0','3','1','5','5','1','1','5','5','0','1');

INSERT INTO dycicle.USUARIO VALUES ('a14','14@gmai.com',5,'a','123456','now');
INSERT INTO dycicle.ESTUDIANTE (NombreUsuario,PrimerNombre,PrimerApellido,CarreraEst) VALUES ('a14','a','b','Ingenieria de Materiales');
INSERT INTO dycicle.GESTION VALUES ('a14','Polonia','AGH Universidad de Ciencias y Tecnologia','0','1','0','5','5','4','1','4','0','3','1','5','5','0','2','3');

INSERT INTO dycicle.USUARIO VALUES ('a15','15@gmai.com',5,'a','123456','now');
INSERT INTO dycicle.ESTUDIANTE (NombreUsuario,PrimerNombre,PrimerApellido,CarreraEst) VALUES ('a15','a','b','Ingenieria de Computacion');
INSERT INTO dycicle.GESTION VALUES ('a15','Colombia','Universidad del Valle','0','5','4','4','2','0','1','2','2','5','1','1','4','1','1','2');

INSERT INTO dycicle.USUARIO VALUES ('a16','16@gmai.com',5,'a','123456','now');
INSERT INTO dycicle.ESTUDIANTE (NombreUsuario,PrimerNombre,PrimerApellido,CarreraEst) VALUES ('a16','a','b','Ingenieria de Computacion');
INSERT INTO dycicle.GESTION VALUES ('a16','Polonia','AGH Universidad de Ciencias y Tecnologia','2','3','2','1','2','0','0','0','2','1','1','4','5','1','5','2');

INSERT INTO dycicle.USUARIO VALUES ('a17','17@gmai.com',5,'a','123456','now');
INSERT INTO dycicle.ESTUDIANTE (NombreUsuario,PrimerNombre,PrimerApellido,CarreraEst) VALUES ('a17','a','b','Ingenieria de Materiales');
INSERT INTO dycicle.GESTION VALUES ('a17','Argentina','Universidad Nacional de Cuyo','2','0','5','5','1','4','2','3','0','3','0','5','4','1','0','5');

INSERT INTO dycicle.USUARIO VALUES ('a18','18@gmai.com',5,'a','123456','now');
INSERT INTO dycicle.ESTUDIANTE (NombreUsuario,PrimerNombre,PrimerApellido,CarreraEst) VALUES ('a18','a','b','Ingenieria de Computacion');
INSERT INTO dycicle.GESTION VALUES ('a18','Colombia','Universidad del Valle','0','0','4','4','2','0','5','1','1','0','4','4','0','1','4','3');

INSERT INTO dycicle.USUARIO VALUES ('a19','19@gmai.com',5,'a','123456','now');
INSERT INTO dycicle.ESTUDIANTE (NombreUsuario,PrimerNombre,PrimerApellido,CarreraEst) VALUES ('a19','a','b','Ingenieria de Materiales');
INSERT INTO dycicle.GESTION VALUES ('a19','Alemania','Universidad de Siegen','0','0','1','4','4','5','1','1','2','0','0','3','5','5','0','2');

INSERT INTO dycicle.USUARIO VALUES ('a20','20@gmai.com',5,'a','123456','now');
INSERT INTO dycicle.ESTUDIANTE (NombreUsuario,PrimerNombre,PrimerApellido,CarreraEst) VALUES ('a20','a','b','Ingenieria de Computacion');
INSERT INTO dycicle.GESTION VALUES ('a20','Bolivia','Universidad Privada Santa Cruz de la Sierra','0','0','1','5','5','2','4','0','5','0','4','2','2','4','2','5');

INSERT INTO dycicle.USUARIO VALUES ('a21','21@gmai.com',5,'a','123456','now');
INSERT INTO dycicle.ESTUDIANTE (NombreUsuario,PrimerNombre,PrimerApellido,CarreraEst) VALUES ('a21','a','b','Ingenieria de Materiales');
INSERT INTO dycicle.GESTION VALUES ('a21','Bolivia','Universidad Privada Santa Cruz de la Sierra','0','0','5','1','1','3','5','4','2','0','4','3','3','0','5','0');

INSERT INTO dycicle.USUARIO VALUES ('a22','22@gmai.com',5,'a','123456','now');
INSERT INTO dycicle.ESTUDIANTE (NombreUsuario,PrimerNombre,PrimerApellido,CarreraEst) VALUES ('a22','a','b','Ingenieria de Materiales');
INSERT INTO dycicle.GESTION VALUES ('a22','Colombia','Universidad del Valle','1','2','0','5','2','3','1','0','3','5','5','1','2','2','1','3');

INSERT INTO dycicle.USUARIO VALUES ('a23','23@gmai.com',5,'a','123456','now');
INSERT INTO dycicle.ESTUDIANTE (NombreUsuario,PrimerNombre,PrimerApellido,CarreraEst) VALUES ('a23','a','b','Ingenieria de Materiales');
INSERT INTO dycicle.GESTION VALUES ('a23','Argentina','Universidad Nacional de Cuyo','3','0','5','3','1','5','1','1','3','2','4','5','3','5','2','4');

INSERT INTO dycicle.USUARIO VALUES ('a24','24@gmai.com',5,'a','123456','now');
INSERT INTO dycicle.ESTUDIANTE (NombreUsuario,PrimerNombre,PrimerApellido,CarreraEst) VALUES ('a24','a','b','Ingenieria de Computacion');
INSERT INTO dycicle.GESTION VALUES ('a24','Polonia','AGH Universidad de Ciencias y Tecnologia','1','5','0','5','5','2','4','4','3','4','2','4','5','4','5','3');

INSERT INTO dycicle.USUARIO VALUES ('a25','25@gmai.com',5,'a','123456','now');
INSERT INTO dycicle.ESTUDIANTE (NombreUsuario,PrimerNombre,PrimerApellido,CarreraEst) VALUES ('a25','a','b','Ingenieria de Computacion');
INSERT INTO dycicle.GESTION VALUES ('a25','Colombia','Universidad del Valle','0','2','5','1','5','5','5','2','3','2','3','2','5','0','4','4');

INSERT INTO dycicle.USUARIO VALUES ('a26','26@gmai.com',5,'a','123456','now');
INSERT INTO dycicle.ESTUDIANTE (NombreUsuario,PrimerNombre,PrimerApellido,CarreraEst) VALUES ('a26','a','b','Ingenieria de Computacion');
INSERT INTO dycicle.GESTION VALUES ('a26','Bolivia','Universidad Privada Santa Cruz de la Sierra','1','5','1','4','2','4','4','4','4','4','1','4','0','5','3','5');

INSERT INTO dycicle.USUARIO VALUES ('a27','27@gmai.com',5,'a','123456','now');
INSERT INTO dycicle.ESTUDIANTE (NombreUsuario,PrimerNombre,PrimerApellido,CarreraEst) VALUES ('a27','a','b','Ingenieria de Computacion');
INSERT INTO dycicle.GESTION VALUES ('a27','Colombia','Universidad del Valle','0','1','0','5','1','2','5','2','3','1','4','2','4','2','5','0');

INSERT INTO dycicle.USUARIO VALUES ('a28','28@gmai.com',5,'a','123456','now');
INSERT INTO dycicle.ESTUDIANTE (NombreUsuario,PrimerNombre,PrimerApellido,CarreraEst) VALUES ('a28','a','b','Ingenieria de Computacion');
INSERT INTO dycicle.GESTION VALUES ('a28','Colombia','Universidad del Valle','2','2','1','3','5','5','5','5','1','1','5','5','1','4','3','5');

INSERT INTO dycicle.USUARIO VALUES ('a29','29@gmai.com',5,'a','123456','now');
INSERT INTO dycicle.ESTUDIANTE (NombreUsuario,PrimerNombre,PrimerApellido,CarreraEst) VALUES ('a29','a','b','Ingenieria de Computacion');
INSERT INTO dycicle.GESTION VALUES ('a29','Alemania','Universidad de Siegen','0','3','5','5','2','2','3','4','0','0','1','0','1','1','0','5');

INSERT INTO dycicle.USUARIO VALUES ('a30','30@gmai.com',5,'a','123456','now');
INSERT INTO dycicle.ESTUDIANTE (NombreUsuario,PrimerNombre,PrimerApellido,CarreraEst) VALUES ('a30','a','b','Ingenieria de Computacion');
INSERT INTO dycicle.GESTION VALUES ('a30','Alemania','Universidad de Siegen','1','1','4','2','1','0','1','3','2','1','0','2','3','5','3','3');

INSERT INTO dycicle.USUARIO VALUES ('a31','31@gmai.com',5,'a','123456','now');
INSERT INTO dycicle.ESTUDIANTE (NombreUsuario,PrimerNombre,PrimerApellido,CarreraEst) VALUES ('a31','a','b','Ingenieria de Computacion');
INSERT INTO dycicle.GESTION VALUES ('a31','Brasil','Universidad Estadual de Campinas','2','3','0','5','2','5','4','1','3','1','2','0','3','2','1','4');

INSERT INTO dycicle.USUARIO VALUES ('a32','32@gmai.com',5,'a','123456','now');
INSERT INTO dycicle.ESTUDIANTE (NombreUsuario,PrimerNombre,PrimerApellido,CarreraEst) VALUES ('a32','a','b','Ingenieria de Computacion');
INSERT INTO dycicle.GESTION VALUES ('a32','Brasil','Universidad Estadual de Campinas','2','1','2','1','2','2','1','5','5','0','4','3','4','0','0','1');

INSERT INTO dycicle.USUARIO VALUES ('a33','33@gmai.com',5,'a','123456','now');
INSERT INTO dycicle.ESTUDIANTE (NombreUsuario,PrimerNombre,PrimerApellido,CarreraEst) VALUES ('a33','a','b','Ingenieria de Materiales');
INSERT INTO dycicle.GESTION VALUES ('a33','Argentina','Universidad Nacional de Cuyo','0','3','0','4','4','1','4','1','5','5','5','5','3','3','2','4');

INSERT INTO dycicle.USUARIO VALUES ('a34','34@gmai.com',5,'a','123456','now');
INSERT INTO dycicle.ESTUDIANTE (NombreUsuario,PrimerNombre,PrimerApellido,CarreraEst) VALUES ('a34','a','b','Ingenieria de Computacion');
INSERT INTO dycicle.GESTION VALUES ('a34','Polonia','AGH Universidad de Ciencias y Tecnologia','5','2','1','3','5','1','5','2','3','3','3','2','3','2','2','4');

INSERT INTO dycicle.USUARIO VALUES ('a35','35@gmai.com',5,'a','123456','now');
INSERT INTO dycicle.ESTUDIANTE (NombreUsuario,PrimerNombre,PrimerApellido,CarreraEst) VALUES ('a35','a','b','Ingenieria de Materiales');
INSERT INTO dycicle.GESTION VALUES ('a35','Argentina','Universidad Nacional de Cuyo','1','4','2','1','4','1','4','5','5','1','5','4','1','2','3','2');

INSERT INTO dycicle.USUARIO VALUES ('a36','36@gmai.com',5,'a','123456','now');
INSERT INTO dycicle.ESTUDIANTE (NombreUsuario,PrimerNombre,PrimerApellido,CarreraEst) VALUES ('a36','a','b','Ingenieria de Computacion');
INSERT INTO dycicle.GESTION VALUES ('a36','Polonia','AGH Universidad de Ciencias y Tecnologia','5','4','5','2','1','4','2','5','3','4','3','2','3','3','4','5');

INSERT INTO dycicle.USUARIO VALUES ('a37','37@gmai.com',5,'a','123456','now');
INSERT INTO dycicle.ESTUDIANTE (NombreUsuario,PrimerNombre,PrimerApellido,CarreraEst) VALUES ('a37','a','b','Ingenieria de Computacion');
INSERT INTO dycicle.GESTION VALUES ('a37','Brasil','Universidad Estadual de Campinas','2','0','1','0','3','4','2','0','1','2','3','3','3','2','2','0');

INSERT INTO dycicle.USUARIO VALUES ('a38','38@gmai.com',5,'a','123456','now');
INSERT INTO dycicle.ESTUDIANTE (NombreUsuario,PrimerNombre,PrimerApellido,CarreraEst) VALUES ('a38','a','b','Ingenieria de Materiales');
INSERT INTO dycicle.GESTION VALUES ('a38','Bolivia','Universidad Privada Santa Cruz de la Sierra','4','4','0','0','4','1','2','1','3','3','5','2','0','1','4','5');

INSERT INTO dycicle.USUARIO VALUES ('a39','39@gmai.com',5,'a','123456','now');
INSERT INTO dycicle.ESTUDIANTE (NombreUsuario,PrimerNombre,PrimerApellido,CarreraEst) VALUES ('a39','a','b','Ingenieria de Computacion');
INSERT INTO dycicle.GESTION VALUES ('a39','Brasil','Universidad Estadual de Campinas','2','4','3','2','5','4','1','0','2','1','2','3','5','4','3','3');

INSERT INTO dycicle.USUARIO VALUES ('a40','40@gmai.com',5,'a','123456','now');
INSERT INTO dycicle.ESTUDIANTE (NombreUsuario,PrimerNombre,PrimerApellido,CarreraEst) VALUES ('a40','a','b','Ingenieria de Computacion');
INSERT INTO dycicle.GESTION VALUES ('a40','Argentina','Universidad Nacional de Cuyo','2','0','5','1','0','0','0','0','3','5','5','5','2','4','3','1');

INSERT INTO dycicle.USUARIO VALUES ('a41','41@gmai.com',5,'a','123456','now');
INSERT INTO dycicle.ESTUDIANTE (NombreUsuario,PrimerNombre,PrimerApellido,CarreraEst) VALUES ('a41','a','b','Ingenieria de Computacion');
INSERT INTO dycicle.GESTION VALUES ('a41','Brasil','Universidad Estadual de Campinas','1','0','1','1','1','0','0','1','1','3','4','4','2','3','2','5');

INSERT INTO dycicle.USUARIO VALUES ('a42','42@gmai.com',5,'a','123456','now');
INSERT INTO dycicle.ESTUDIANTE (NombreUsuario,PrimerNombre,PrimerApellido,CarreraEst) VALUES ('a42','a','b','Ingenieria de Materiales');
INSERT INTO dycicle.GESTION VALUES ('a42','Alemania','Universidad de Siegen','5','4','3','0','5','0','4','4','5','2','0','5','3','3','4','0');

INSERT INTO dycicle.USUARIO VALUES ('a43','43@gmai.com',5,'a','123456','now');
INSERT INTO dycicle.ESTUDIANTE (NombreUsuario,PrimerNombre,PrimerApellido,CarreraEst) VALUES ('a43','a','b','Ingenieria de Materiales');
INSERT INTO dycicle.GESTION VALUES ('a43','Polonia','AGH Universidad de Ciencias y Tecnologia','0','4','2','1','5','4','5','2','1','3','0','5','2','3','5','1');

INSERT INTO dycicle.USUARIO VALUES ('a44','44@gmai.com',5,'a','123456','now');
INSERT INTO dycicle.ESTUDIANTE (NombreUsuario,PrimerNombre,PrimerApellido,CarreraEst) VALUES ('a44','a','b','Ingenieria de Materiales');
INSERT INTO dycicle.GESTION VALUES ('a44','Polonia','AGH Universidad de Ciencias y Tecnologia','5','5','3','1','1','4','3','1','5','4','3','2','1','1','0','4');

INSERT INTO dycicle.USUARIO VALUES ('a45','45@gmai.com',5,'a','123456','now');
INSERT INTO dycicle.ESTUDIANTE (NombreUsuario,PrimerNombre,PrimerApellido,CarreraEst) VALUES ('a45','a','b','Ingenieria de Computacion');
INSERT INTO dycicle.GESTION VALUES ('a45','Argentina','Universidad Nacional de Cuyo','1','2','2','1','2','2','5','4','2','5','2','5','0','1','1','0');

INSERT INTO dycicle.USUARIO VALUES ('a46','46@gmai.com',5,'a','123456','now');
INSERT INTO dycicle.ESTUDIANTE (NombreUsuario,PrimerNombre,PrimerApellido,CarreraEst) VALUES ('a46','a','b','Ingenieria de Computacion');
INSERT INTO dycicle.GESTION VALUES ('a46','Argentina','Universidad Nacional de Cuyo','3','2','3','0','1','0','0','3','4','2','1','3','5','3','4','1');

INSERT INTO dycicle.USUARIO VALUES ('a47','47@gmai.com',5,'a','123456','now');
INSERT INTO dycicle.ESTUDIANTE (NombreUsuario,PrimerNombre,PrimerApellido,CarreraEst) VALUES ('a47','a','b','Ingenieria de Materiales');
INSERT INTO dycicle.GESTION VALUES ('a47','Colombia','Universidad del Valle','3','2','0','2','3','3','5','2','3','1','4','0','2','0','5','3');

INSERT INTO dycicle.USUARIO VALUES ('a48','48@gmai.com',5,'a','123456','now');
INSERT INTO dycicle.ESTUDIANTE (NombreUsuario,PrimerNombre,PrimerApellido,CarreraEst) VALUES ('a48','a','b','Ingenieria de Materiales');
INSERT INTO dycicle.GESTION VALUES ('a48','Brasil','Universidad Estadual de Campinas','1','2','1','1','1','0','0','2','5','3','3','1','0','1','1','0');

INSERT INTO dycicle.USUARIO VALUES ('a49','49@gmai.com',5,'a','123456','now');
INSERT INTO dycicle.ESTUDIANTE (NombreUsuario,PrimerNombre,PrimerApellido,CarreraEst) VALUES ('a49','a','b','Ingenieria de Materiales');
INSERT INTO dycicle.GESTION VALUES ('a49','Colombia','Universidad del Valle','1','1','4','1','1','1','3','1','1','1','4','5','2','3','4','3');

INSERT INTO dycicle.USUARIO VALUES ('a50','50@gmai.com',5,'a','123456','now');
INSERT INTO dycicle.ESTUDIANTE (NombreUsuario,PrimerNombre,PrimerApellido,CarreraEst) VALUES ('a50','a','b','Ingenieria de Materiales');
INSERT INTO dycicle.GESTION VALUES ('a50','Bolivia','Universidad Privada Santa Cruz de la Sierra','0','1','1','0','1','4','0','1','5','0','2','5','0','5','0','3');

INSERT INTO dycicle.USUARIO VALUES ('a51','51@gmai.com',5,'a','123456','now');
INSERT INTO dycicle.ESTUDIANTE (NombreUsuario,PrimerNombre,PrimerApellido,CarreraEst) VALUES ('a51','a','b','Ingenieria de Computacion');
INSERT INTO dycicle.GESTION VALUES ('a51','Polonia','AGH Universidad de Ciencias y Tecnologia','2','3','1','5','3','5','2','4','5','3','3','3','3','0','5','5');

INSERT INTO dycicle.USUARIO VALUES ('a52','52@gmai.com',5,'a','123456','now');
INSERT INTO dycicle.ESTUDIANTE (NombreUsuario,PrimerNombre,PrimerApellido,CarreraEst) VALUES ('a52','a','b','Ingenieria de Materiales');
INSERT INTO dycicle.GESTION VALUES ('a52','Colombia','Universidad del Valle','2','5','5','2','2','3','4','2','1','5','3','0','4','3','5','3');

INSERT INTO dycicle.USUARIO VALUES ('a53','53@gmai.com',5,'a','123456','now');
INSERT INTO dycicle.ESTUDIANTE (NombreUsuario,PrimerNombre,PrimerApellido,CarreraEst) VALUES ('a53','a','b','Ingenieria de Computacion');
INSERT INTO dycicle.GESTION VALUES ('a53','Argentina','Universidad Nacional de Cuyo','1','2','1','0','3','4','2','1','3','1','5','2','5','1','0','2');

INSERT INTO dycicle.USUARIO VALUES ('a54','54@gmai.com',5,'a','123456','now');
INSERT INTO dycicle.ESTUDIANTE (NombreUsuario,PrimerNombre,PrimerApellido,CarreraEst) VALUES ('a54','a','b','Ingenieria de Computacion');
INSERT INTO dycicle.GESTION VALUES ('a54','Argentina','Universidad Nacional de Cuyo','0','0','5','5','3','5','4','5','3','3','0','3','4','2','1','0');

INSERT INTO dycicle.USUARIO VALUES ('a55','55@gmai.com',5,'a','123456','now');
INSERT INTO dycicle.ESTUDIANTE (NombreUsuario,PrimerNombre,PrimerApellido,CarreraEst) VALUES ('a55','a','b','Ingenieria de Materiales');
INSERT INTO dycicle.GESTION VALUES ('a55','Alemania','Universidad de Siegen','4','3','5','2','2','5','3','4','0','1','1','5','3','0','4','2');

INSERT INTO dycicle.USUARIO VALUES ('a56','56@gmai.com',5,'a','123456','now');
INSERT INTO dycicle.ESTUDIANTE (NombreUsuario,PrimerNombre,PrimerApellido,CarreraEst) VALUES ('a56','a','b','Ingenieria de Materiales');
INSERT INTO dycicle.GESTION VALUES ('a56','Brasil','Universidad Estadual de Campinas','4','0','0','0','2','2','4','0','0','4','4','2','2','1','2','4');

INSERT INTO dycicle.USUARIO VALUES ('a57','57@gmai.com',5,'a','123456','now');
INSERT INTO dycicle.ESTUDIANTE (NombreUsuario,PrimerNombre,PrimerApellido,CarreraEst) VALUES ('a57','a','b','Ingenieria de Materiales');
INSERT INTO dycicle.GESTION VALUES ('a57','Colombia','Universidad del Valle','5','1','2','4','5','1','0','4','4','3','4','0','5','3','0','2');

INSERT INTO dycicle.USUARIO VALUES ('a58','58@gmai.com',5,'a','123456','now');
INSERT INTO dycicle.ESTUDIANTE (NombreUsuario,PrimerNombre,PrimerApellido,CarreraEst) VALUES ('a58','a','b','Ingenieria de Computacion');
INSERT INTO dycicle.GESTION VALUES ('a58','Colombia','Universidad del Valle','4','0','2','5','3','3','0','0','3','4','4','5','4','1','5','2');

INSERT INTO dycicle.USUARIO VALUES ('a59','59@gmai.com',5,'a','123456','now');
INSERT INTO dycicle.ESTUDIANTE (NombreUsuario,PrimerNombre,PrimerApellido,CarreraEst) VALUES ('a59','a','b','Ingenieria de Materiales');
INSERT INTO dycicle.GESTION VALUES ('a59','Bolivia','Universidad Privada Santa Cruz de la Sierra','0','3','3','0','3','0','5','4','1','4','5','4','1','5','0','1');

INSERT INTO dycicle.USUARIO VALUES ('a60','60@gmai.com',5,'a','123456','now');
INSERT INTO dycicle.ESTUDIANTE (NombreUsuario,PrimerNombre,PrimerApellido,CarreraEst) VALUES ('a60','a','b','Ingenieria de Materiales');
INSERT INTO dycicle.GESTION VALUES ('a60','Colombia','Universidad del Valle','3','5','3','1','5','4','2','2','0','1','5','3','3','5','4','2');

INSERT INTO dycicle.USUARIO VALUES ('a61','61@gmai.com',5,'a','123456','now');
INSERT INTO dycicle.ESTUDIANTE (NombreUsuario,PrimerNombre,PrimerApellido,CarreraEst) VALUES ('a61','a','b','Ingenieria de Materiales');
INSERT INTO dycicle.GESTION VALUES ('a61','Bolivia','Universidad Privada Santa Cruz de la Sierra','3','4','1','4','1','0','5','0','2','2','5','3','3','3','1','2');

INSERT INTO dycicle.USUARIO VALUES ('a62','62@gmai.com',5,'a','123456','now');
INSERT INTO dycicle.ESTUDIANTE (NombreUsuario,PrimerNombre,PrimerApellido,CarreraEst) VALUES ('a62','a','b','Ingenieria de Materiales');
INSERT INTO dycicle.GESTION VALUES ('a62','Polonia','AGH Universidad de Ciencias y Tecnologia','3','1','3','0','1','4','1','1','3','0','4','2','2','1','1','2');

INSERT INTO dycicle.USUARIO VALUES ('a63','63@gmai.com',5,'a','123456','now');
INSERT INTO dycicle.ESTUDIANTE (NombreUsuario,PrimerNombre,PrimerApellido,CarreraEst) VALUES ('a63','a','b','Ingenieria de Materiales');
INSERT INTO dycicle.GESTION VALUES ('a63','Polonia','AGH Universidad de Ciencias y Tecnologia','2','0','1','5','0','0','2','0','2','5','1','0','4','2','5','4');

INSERT INTO dycicle.USUARIO VALUES ('a64','64@gmai.com',5,'a','123456','now');
INSERT INTO dycicle.ESTUDIANTE (NombreUsuario,PrimerNombre,PrimerApellido,CarreraEst) VALUES ('a64','a','b','Ingenieria de Computacion');
INSERT INTO dycicle.GESTION VALUES ('a64','Polonia','AGH Universidad de Ciencias y Tecnologia','5','4','3','3','0','0','1','3','5','2','5','1','5','4','5','4');

INSERT INTO dycicle.USUARIO VALUES ('a65','65@gmai.com',5,'a','123456','now');
INSERT INTO dycicle.ESTUDIANTE (NombreUsuario,PrimerNombre,PrimerApellido,CarreraEst) VALUES ('a65','a','b','Ingenieria de Computacion');
INSERT INTO dycicle.GESTION VALUES ('a65','Polonia','AGH Universidad de Ciencias y Tecnologia','2','2','5','5','3','2','3','2','3','3','4','3','0','3','5','2');

INSERT INTO dycicle.USUARIO VALUES ('a66','66@gmai.com',5,'a','123456','now');
INSERT INTO dycicle.ESTUDIANTE (NombreUsuario,PrimerNombre,PrimerApellido,CarreraEst) VALUES ('a66','a','b','Ingenieria de Computacion');
INSERT INTO dycicle.GESTION VALUES ('a66','Brasil','Universidad Estadual de Campinas','0','5','0','0','4','3','1','0','1','2','4','1','2','0','4','4');

INSERT INTO dycicle.USUARIO VALUES ('a67','67@gmai.com',5,'a','123456','now');
INSERT INTO dycicle.ESTUDIANTE (NombreUsuario,PrimerNombre,PrimerApellido,CarreraEst) VALUES ('a67','a','b','Ingenieria de Computacion');
INSERT INTO dycicle.GESTION VALUES ('a67','Bolivia','Universidad Privada Santa Cruz de la Sierra','3','2','0','4','0','5','0','0','0','0','5','1','4','3','1','1');

INSERT INTO dycicle.USUARIO VALUES ('a68','68@gmai.com',5,'a','123456','now');
INSERT INTO dycicle.ESTUDIANTE (NombreUsuario,PrimerNombre,PrimerApellido,CarreraEst) VALUES ('a68','a','b','Ingenieria de Computacion');
INSERT INTO dycicle.GESTION VALUES ('a68','Bolivia','Universidad Privada Santa Cruz de la Sierra','2','1','3','2','3','2','4','1','1','4','2','2','1','5','2','1');

INSERT INTO dycicle.USUARIO VALUES ('a69','69@gmai.com',5,'a','123456','now');
INSERT INTO dycicle.ESTUDIANTE (NombreUsuario,PrimerNombre,PrimerApellido,CarreraEst) VALUES ('a69','a','b','Ingenieria de Computacion');
INSERT INTO dycicle.GESTION VALUES ('a69','Argentina','Universidad Nacional de Cuyo','4','0','1','4','3','1','2','0','1','0','1','1','3','5','2','0');

INSERT INTO dycicle.USUARIO VALUES ('a70','70@gmai.com',5,'a','123456','now');
INSERT INTO dycicle.ESTUDIANTE (NombreUsuario,PrimerNombre,PrimerApellido,CarreraEst) VALUES ('a70','a','b','Ingenieria de Materiales');
INSERT INTO dycicle.GESTION VALUES ('a70','Colombia','Universidad del Valle','0','5','5','1','3','5','2','0','3','2','3','1','4','0','5','0');

INSERT INTO dycicle.USUARIO VALUES ('a71','71@gmai.com',5,'a','123456','now');
INSERT INTO dycicle.ESTUDIANTE (NombreUsuario,PrimerNombre,PrimerApellido,CarreraEst) VALUES ('a71','a','b','Ingenieria de Materiales');
INSERT INTO dycicle.GESTION VALUES ('a71','Argentina','Universidad Nacional de Cuyo','4','5','1','4','4','4','1','2','0','2','3','2','1','1','4','2');

INSERT INTO dycicle.USUARIO VALUES ('a72','72@gmai.com',5,'a','123456','now');
INSERT INTO dycicle.ESTUDIANTE (NombreUsuario,PrimerNombre,PrimerApellido,CarreraEst) VALUES ('a72','a','b','Ingenieria de Computacion');
INSERT INTO dycicle.GESTION VALUES ('a72','Argentina','Universidad Nacional de Cuyo','4','0','1','2','4','2','2','2','5','4','0','4','2','2','1','2');

INSERT INTO dycicle.USUARIO VALUES ('a73','73@gmai.com',5,'a','123456','now');
INSERT INTO dycicle.ESTUDIANTE (NombreUsuario,PrimerNombre,PrimerApellido,CarreraEst) VALUES ('a73','a','b','Ingenieria de Computacion');
INSERT INTO dycicle.GESTION VALUES ('a73','Brasil','Universidad Estadual de Campinas','5','2','5','5','2','1','0','1','4','5','0','5','4','5','2','5');

INSERT INTO dycicle.USUARIO VALUES ('a74','74@gmai.com',5,'a','123456','now');
INSERT INTO dycicle.ESTUDIANTE (NombreUsuario,PrimerNombre,PrimerApellido,CarreraEst) VALUES ('a74','a','b','Ingenieria de Materiales');
INSERT INTO dycicle.GESTION VALUES ('a74','Alemania','Universidad de Siegen','0','2','2','2','5','4','1','4','3','5','5','5','4','1','3','2');

INSERT INTO dycicle.USUARIO VALUES ('a75','75@gmai.com',5,'a','123456','now');
INSERT INTO dycicle.ESTUDIANTE (NombreUsuario,PrimerNombre,PrimerApellido,CarreraEst) VALUES ('a75','a','b','Ingenieria de Computacion');
INSERT INTO dycicle.GESTION VALUES ('a75','Brasil','Universidad Estadual de Campinas','1','3','0','2','0','5','5','1','0','1','3','5','0','1','4','2');

INSERT INTO dycicle.USUARIO VALUES ('a76','76@gmai.com',5,'a','123456','now');
INSERT INTO dycicle.ESTUDIANTE (NombreUsuario,PrimerNombre,PrimerApellido,CarreraEst) VALUES ('a76','a','b','Ingenieria de Materiales');
INSERT INTO dycicle.GESTION VALUES ('a76','Alemania','Universidad de Siegen','2','4','2','2','5','4','5','3','5','5','2','2','0','1','2','2');

INSERT INTO dycicle.USUARIO VALUES ('a77','77@gmai.com',5,'a','123456','now');
INSERT INTO dycicle.ESTUDIANTE (NombreUsuario,PrimerNombre,PrimerApellido,CarreraEst) VALUES ('a77','a','b','Ingenieria de Computacion');
INSERT INTO dycicle.GESTION VALUES ('a77','Alemania','Universidad de Siegen','3','1','1','2','3','0','5','1','4','1','4','1','0','3','2','1');

INSERT INTO dycicle.USUARIO VALUES ('a78','78@gmai.com',5,'a','123456','now');
INSERT INTO dycicle.ESTUDIANTE (NombreUsuario,PrimerNombre,PrimerApellido,CarreraEst) VALUES ('a78','a','b','Ingenieria de Materiales');
INSERT INTO dycicle.GESTION VALUES ('a78','Brasil','Universidad Estadual de Campinas','3','4','5','5','0','3','4','0','4','2','4','2','5','0','5','4');

INSERT INTO dycicle.USUARIO VALUES ('a79','79@gmai.com',5,'a','123456','now');
INSERT INTO dycicle.ESTUDIANTE (NombreUsuario,PrimerNombre,PrimerApellido,CarreraEst) VALUES ('a79','a','b','Ingenieria de Computacion');
INSERT INTO dycicle.GESTION VALUES ('a79','Colombia','Universidad del Valle','4','1','0','5','3','0','0','0','5','2','1','3','3','1','3','5');

INSERT INTO dycicle.USUARIO VALUES ('a80','80@gmai.com',5,'a','123456','now');
INSERT INTO dycicle.ESTUDIANTE (NombreUsuario,PrimerNombre,PrimerApellido,CarreraEst) VALUES ('a80','a','b','Ingenieria de Computacion');
INSERT INTO dycicle.GESTION VALUES ('a80','Polonia','AGH Universidad de Ciencias y Tecnologia','2','1','1','0','5','0','4','1','5','2','2','5','0','5','5','1');

INSERT INTO dycicle.USUARIO VALUES ('a81','81@gmai.com',5,'a','123456','now');
INSERT INTO dycicle.ESTUDIANTE (NombreUsuario,PrimerNombre,PrimerApellido,CarreraEst) VALUES ('a81','a','b','Ingenieria de Computacion');
INSERT INTO dycicle.GESTION VALUES ('a81','Polonia','AGH Universidad de Ciencias y Tecnologia','0','5','3','0','4','0','3','2','2','0','2','3','4','5','3','4');

INSERT INTO dycicle.USUARIO VALUES ('a82','82@gmai.com',5,'a','123456','now');
INSERT INTO dycicle.ESTUDIANTE (NombreUsuario,PrimerNombre,PrimerApellido,CarreraEst) VALUES ('a82','a','b','Ingenieria de Materiales');
INSERT INTO dycicle.GESTION VALUES ('a82','Polonia','AGH Universidad de Ciencias y Tecnologia','4','2','3','4','2','3','2','0','4','0','1','1','2','2','5','2');

INSERT INTO dycicle.USUARIO VALUES ('a83','83@gmai.com',5,'a','123456','now');
INSERT INTO dycicle.ESTUDIANTE (NombreUsuario,PrimerNombre,PrimerApellido,CarreraEst) VALUES ('a83','a','b','Ingenieria de Materiales');
INSERT INTO dycicle.GESTION VALUES ('a83','Brasil','Universidad Estadual de Campinas','2','1','1','2','3','3','0','5','0','3','0','2','2','0','4','2');

INSERT INTO dycicle.USUARIO VALUES ('a84','84@gmai.com',5,'a','123456','now');
INSERT INTO dycicle.ESTUDIANTE (NombreUsuario,PrimerNombre,PrimerApellido,CarreraEst) VALUES ('a84','a','b','Ingenieria de Computacion');
INSERT INTO dycicle.GESTION VALUES ('a84','Polonia','AGH Universidad de Ciencias y Tecnologia','5','5','4','1','0','1','4','4','2','0','2','4','3','5','4','1');

INSERT INTO dycicle.USUARIO VALUES ('a85','85@gmai.com',5,'a','123456','now');
INSERT INTO dycicle.ESTUDIANTE (NombreUsuario,PrimerNombre,PrimerApellido,CarreraEst) VALUES ('a85','a','b','Ingenieria de Computacion');
INSERT INTO dycicle.GESTION VALUES ('a85','Colombia','Universidad del Valle','2','3','5','1','0','2','2','5','1','3','0','0','2','0','4','2');

INSERT INTO dycicle.USUARIO VALUES ('a86','86@gmai.com',5,'a','123456','now');
INSERT INTO dycicle.ESTUDIANTE (NombreUsuario,PrimerNombre,PrimerApellido,CarreraEst) VALUES ('a86','a','b','Ingenieria de Materiales');
INSERT INTO dycicle.GESTION VALUES ('a86','Polonia','AGH Universidad de Ciencias y Tecnologia','3','5','3','0','1','4','5','3','0','5','4','3','5','0','2','4');

INSERT INTO dycicle.USUARIO VALUES ('a87','87@gmai.com',5,'a','123456','now');
INSERT INTO dycicle.ESTUDIANTE (NombreUsuario,PrimerNombre,PrimerApellido,CarreraEst) VALUES ('a87','a','b','Ingenieria de Materiales');
INSERT INTO dycicle.GESTION VALUES ('a87','Brasil','Universidad Estadual de Campinas','1','0','5','3','3','4','2','3','4','4','2','2','5','3','0','3');

INSERT INTO dycicle.USUARIO VALUES ('a88','88@gmai.com',5,'a','123456','now');
INSERT INTO dycicle.ESTUDIANTE (NombreUsuario,PrimerNombre,PrimerApellido,CarreraEst) VALUES ('a88','a','b','Ingenieria de Computacion');
INSERT INTO dycicle.GESTION VALUES ('a88','Bolivia','Universidad Privada Santa Cruz de la Sierra','3','4','5','2','5','0','0','3','0','1','0','0','3','1','4','5');

INSERT INTO dycicle.USUARIO VALUES ('a89','89@gmai.com',5,'a','123456','now');
INSERT INTO dycicle.ESTUDIANTE (NombreUsuario,PrimerNombre,PrimerApellido,CarreraEst) VALUES ('a89','a','b','Ingenieria de Computacion');
INSERT INTO dycicle.GESTION VALUES ('a89','Argentina','Universidad Nacional de Cuyo','3','1','1','1','2','3','3','5','0','5','2','0','0','3','5','2');

INSERT INTO dycicle.USUARIO VALUES ('a90','90@gmai.com',5,'a','123456','now');
INSERT INTO dycicle.ESTUDIANTE (NombreUsuario,PrimerNombre,PrimerApellido,CarreraEst) VALUES ('a90','a','b','Ingenieria de Materiales');
INSERT INTO dycicle.GESTION VALUES ('a90','Polonia','AGH Universidad de Ciencias y Tecnologia','1','1','2','4','3','5','1','4','5','0','2','1','2','2','4','3');

INSERT INTO dycicle.USUARIO VALUES ('a91','91@gmai.com',5,'a','123456','now');
INSERT INTO dycicle.ESTUDIANTE (NombreUsuario,PrimerNombre,PrimerApellido,CarreraEst) VALUES ('a91','a','b','Ingenieria de Materiales');
INSERT INTO dycicle.GESTION VALUES ('a91','Bolivia','Universidad Privada Santa Cruz de la Sierra','5','4','3','0','4','5','5','1','5','1','5','1','5','0','2','4');

INSERT INTO dycicle.USUARIO VALUES ('a92','92@gmai.com',5,'a','123456','now');
INSERT INTO dycicle.ESTUDIANTE (NombreUsuario,PrimerNombre,PrimerApellido,CarreraEst) VALUES ('a92','a','b','Ingenieria de Materiales');
INSERT INTO dycicle.GESTION VALUES ('a92','Colombia','Universidad del Valle','1','5','2','3','3','5','5','0','4','5','1','5','4','1','1','1');

INSERT INTO dycicle.USUARIO VALUES ('a93','93@gmai.com',5,'a','123456','now');
INSERT INTO dycicle.ESTUDIANTE (NombreUsuario,PrimerNombre,PrimerApellido,CarreraEst) VALUES ('a93','a','b','Ingenieria de Computacion');
INSERT INTO dycicle.GESTION VALUES ('a93','Alemania','Universidad de Siegen','2','1','3','0','3','0','3','3','5','4','1','0','3','2','2','2');

INSERT INTO dycicle.USUARIO VALUES ('a94','94@gmai.com',5,'a','123456','now');
INSERT INTO dycicle.ESTUDIANTE (NombreUsuario,PrimerNombre,PrimerApellido,CarreraEst) VALUES ('a94','a','b','Ingenieria de Materiales');
INSERT INTO dycicle.GESTION VALUES ('a94','Alemania','Universidad de Siegen','4','3','3','4','5','3','5','1','5','4','1','2','1','3','5','2');

INSERT INTO dycicle.USUARIO VALUES ('a95','95@gmai.com',5,'a','123456','now');
INSERT INTO dycicle.ESTUDIANTE (NombreUsuario,PrimerNombre,PrimerApellido,CarreraEst) VALUES ('a95','a','b','Ingenieria de Materiales');
INSERT INTO dycicle.GESTION VALUES ('a95','Polonia','AGH Universidad de Ciencias y Tecnologia','1','2','3','2','5','3','5','1','5','2','5','4','3','0','4','1');

INSERT INTO dycicle.USUARIO VALUES ('a96','96@gmai.com',5,'a','123456','now');
INSERT INTO dycicle.ESTUDIANTE (NombreUsuario,PrimerNombre,PrimerApellido,CarreraEst) VALUES ('a96','a','b','Ingenieria de Computacion');
INSERT INTO dycicle.GESTION VALUES ('a96','Bolivia','Universidad Privada Santa Cruz de la Sierra','1','0','0','0','1','0','0','4','4','4','0','4','2','0','2','4');

INSERT INTO dycicle.USUARIO VALUES ('a97','97@gmai.com',5,'a','123456','now');
INSERT INTO dycicle.ESTUDIANTE (NombreUsuario,PrimerNombre,PrimerApellido,CarreraEst) VALUES ('a97','a','b','Ingenieria de Computacion');
INSERT INTO dycicle.GESTION VALUES ('a97','Bolivia','Universidad Privada Santa Cruz de la Sierra','1','4','5','2','1','4','4','0','5','5','0','1','3','0','5','0');

INSERT INTO dycicle.USUARIO VALUES ('a98','98@gmai.com',5,'a','123456','now');
INSERT INTO dycicle.ESTUDIANTE (NombreUsuario,PrimerNombre,PrimerApellido,CarreraEst) VALUES ('a98','a','b','Ingenieria de Computacion');
INSERT INTO dycicle.GESTION VALUES ('a98','Alemania','Universidad de Siegen','4','1','5','2','5','3','0','0','5','4','5','3','1','5','2','0');

INSERT INTO dycicle.USUARIO VALUES ('a99','99@gmai.com',5,'a','123456','now');
INSERT INTO dycicle.ESTUDIANTE (NombreUsuario,PrimerNombre,PrimerApellido,CarreraEst) VALUES ('a99','a','b','Ingenieria de Materiales');
INSERT INTO dycicle.GESTION VALUES ('a99','Alemania','Universidad de Siegen','5','4','5','3','2','2','5','3','5','3','4','0','5','5','4','3');

INSERT INTO dycicle.USUARIO VALUES ('a100','100@gmai.com',5,'a','123456','now');
INSERT INTO dycicle.ESTUDIANTE (NombreUsuario,PrimerNombre,PrimerApellido,CarreraEst) VALUES ('a100','a','b','Ingenieria de Materiales');
INSERT INTO dycicle.GESTION VALUES ('a100','Bolivia','Universidad Privada Santa Cruz de la Sierra','2','5','1','5','3','1','5','1','5','4','5','3','0','0','2','0');

INSERT INTO dycicle.USUARIO VALUES ('a101','101@gmai.com',5,'a','123456','now');
INSERT INTO dycicle.ESTUDIANTE (NombreUsuario,PrimerNombre,PrimerApellido,CarreraEst) VALUES ('a101','a','b','Ingenieria de Materiales');
INSERT INTO dycicle.GESTION VALUES ('a101','Argentina','Universidad Nacional de Cuyo','2','1','1','3','5','0','3','5','5','1','0','4','3','4','5','0');

INSERT INTO dycicle.USUARIO VALUES ('a102','102@gmai.com',5,'a','123456','now');
INSERT INTO dycicle.ESTUDIANTE (NombreUsuario,PrimerNombre,PrimerApellido,CarreraEst) VALUES ('a102','a','b','Ingenieria de Materiales');
INSERT INTO dycicle.GESTION VALUES ('a102','Polonia','AGH Universidad de Ciencias y Tecnologia','0','5','1','1','3','3','0','4','4','5','3','4','3','0','3','2');

INSERT INTO dycicle.USUARIO VALUES ('a103','103@gmai.com',5,'a','123456','now');
INSERT INTO dycicle.ESTUDIANTE (NombreUsuario,PrimerNombre,PrimerApellido,CarreraEst) VALUES ('a103','a','b','Ingenieria de Computacion');
INSERT INTO dycicle.GESTION VALUES ('a103','Polonia','AGH Universidad de Ciencias y Tecnologia','4','4','4','4','4','4','0','0','3','5','4','4','2','3','3','3');

INSERT INTO dycicle.USUARIO VALUES ('a104','104@gmai.com',5,'a','123456','now');
INSERT INTO dycicle.ESTUDIANTE (NombreUsuario,PrimerNombre,PrimerApellido,CarreraEst) VALUES ('a104','a','b','Ingenieria de Materiales');
INSERT INTO dycicle.GESTION VALUES ('a104','Colombia','Universidad del Valle','0','3','5','2','2','1','1','4','3','0','4','2','3','2','4','5');

INSERT INTO dycicle.USUARIO VALUES ('a105','105@gmai.com',5,'a','123456','now');
INSERT INTO dycicle.ESTUDIANTE (NombreUsuario,PrimerNombre,PrimerApellido,CarreraEst) VALUES ('a105','a','b','Ingenieria de Materiales');
INSERT INTO dycicle.GESTION VALUES ('a105','Bolivia','Universidad Privada Santa Cruz de la Sierra','2','0','2','1','1','4','0','2','2','4','4','5','2','3','3','2');

INSERT INTO dycicle.USUARIO VALUES ('a106','106@gmai.com',5,'a','123456','now');
INSERT INTO dycicle.ESTUDIANTE (NombreUsuario,PrimerNombre,PrimerApellido,CarreraEst) VALUES ('a106','a','b','Ingenieria de Computacion');
INSERT INTO dycicle.GESTION VALUES ('a106','Argentina','Universidad Nacional de Cuyo','4','5','3','1','2','2','1','1','1','2','2','5','3','2','5','1');

INSERT INTO dycicle.USUARIO VALUES ('a107','107@gmai.com',5,'a','123456','now');
INSERT INTO dycicle.ESTUDIANTE (NombreUsuario,PrimerNombre,PrimerApellido,CarreraEst) VALUES ('a107','a','b','Ingenieria de Computacion');
INSERT INTO dycicle.GESTION VALUES ('a107','Alemania','Universidad de Siegen','0','3','1','1','1','4','1','3','1','2','4','1','0','4','2','3');

INSERT INTO dycicle.USUARIO VALUES ('a108','108@gmai.com',5,'a','123456','now');
INSERT INTO dycicle.ESTUDIANTE (NombreUsuario,PrimerNombre,PrimerApellido,CarreraEst) VALUES ('a108','a','b','Ingenieria de Computacion');
INSERT INTO dycicle.GESTION VALUES ('a108','Brasil','Universidad Estadual de Campinas','1','1','3','1','4','4','1','3','2','4','5','1','2','1','5','2');

INSERT INTO dycicle.USUARIO VALUES ('a109','109@gmai.com',5,'a','123456','now');
INSERT INTO dycicle.ESTUDIANTE (NombreUsuario,PrimerNombre,PrimerApellido,CarreraEst) VALUES ('a109','a','b','Ingenieria de Computacion');
INSERT INTO dycicle.GESTION VALUES ('a109','Argentina','Universidad Nacional de Cuyo','1','1','0','3','2','3','5','5','1','3','2','5','0','5','0','5');

INSERT INTO dycicle.USUARIO VALUES ('a110','110@gmai.com',5,'a','123456','now');
INSERT INTO dycicle.ESTUDIANTE (NombreUsuario,PrimerNombre,PrimerApellido,CarreraEst) VALUES ('a110','a','b','Ingenieria de Materiales');
INSERT INTO dycicle.GESTION VALUES ('a110','Brasil','Universidad Estadual de Campinas','2','0','5','4','1','4','4','3','3','4','2','4','1','3','0','0');

INSERT INTO dycicle.USUARIO VALUES ('a111','111@gmai.com',5,'a','123456','now');
INSERT INTO dycicle.ESTUDIANTE (NombreUsuario,PrimerNombre,PrimerApellido,CarreraEst) VALUES ('a111','a','b','Ingenieria de Computacion');
INSERT INTO dycicle.GESTION VALUES ('a111','Alemania','Universidad de Siegen','1','0','1','4','2','3','0','1','3','4','2','1','1','3','5','5');

INSERT INTO dycicle.USUARIO VALUES ('a112','112@gmai.com',5,'a','123456','now');
INSERT INTO dycicle.ESTUDIANTE (NombreUsuario,PrimerNombre,PrimerApellido,CarreraEst) VALUES ('a112','a','b','Ingenieria de Materiales');
INSERT INTO dycicle.GESTION VALUES ('a112','Bolivia','Universidad Privada Santa Cruz de la Sierra','0','3','0','1','3','2','0','3','5','4','5','4','5','0','0','3');

INSERT INTO dycicle.USUARIO VALUES ('a113','113@gmai.com',5,'a','123456','now');
INSERT INTO dycicle.ESTUDIANTE (NombreUsuario,PrimerNombre,PrimerApellido,CarreraEst) VALUES ('a113','a','b','Ingenieria de Computacion');
INSERT INTO dycicle.GESTION VALUES ('a113','Alemania','Universidad de Siegen','2','5','0','2','5','1','3','5','2','0','2','4','4','3','2','5');

INSERT INTO dycicle.USUARIO VALUES ('a114','114@gmai.com',5,'a','123456','now');
INSERT INTO dycicle.ESTUDIANTE (NombreUsuario,PrimerNombre,PrimerApellido,CarreraEst) VALUES ('a114','a','b','Ingenieria de Computacion');
INSERT INTO dycicle.GESTION VALUES ('a114','Bolivia','Universidad Privada Santa Cruz de la Sierra','3','4','5','2','4','3','3','0','5','5','4','4','0','3','0','2');

INSERT INTO dycicle.USUARIO VALUES ('a115','115@gmai.com',5,'a','123456','now');
INSERT INTO dycicle.ESTUDIANTE (NombreUsuario,PrimerNombre,PrimerApellido,CarreraEst) VALUES ('a115','a','b','Ingenieria de Materiales');
INSERT INTO dycicle.GESTION VALUES ('a115','Colombia','Universidad del Valle','2','3','5','3','2','0','0','1','5','4','4','0','3','3','2','5');

INSERT INTO dycicle.USUARIO VALUES ('a116','116@gmai.com',5,'a','123456','now');
INSERT INTO dycicle.ESTUDIANTE (NombreUsuario,PrimerNombre,PrimerApellido,CarreraEst) VALUES ('a116','a','b','Ingenieria de Materiales');
INSERT INTO dycicle.GESTION VALUES ('a116','Bolivia','Universidad Privada Santa Cruz de la Sierra','5','1','4','5','4','0','2','3','4','0','4','2','5','2','0','3');

INSERT INTO dycicle.USUARIO VALUES ('a117','117@gmai.com',5,'a','123456','now');
INSERT INTO dycicle.ESTUDIANTE (NombreUsuario,PrimerNombre,PrimerApellido,CarreraEst) VALUES ('a117','a','b','Ingenieria de Materiales');
INSERT INTO dycicle.GESTION VALUES ('a117','Colombia','Universidad del Valle','3','3','2','0','3','4','4','4','0','4','4','5','4','3','0','2');

INSERT INTO dycicle.USUARIO VALUES ('a118','118@gmai.com',5,'a','123456','now');
INSERT INTO dycicle.ESTUDIANTE (NombreUsuario,PrimerNombre,PrimerApellido,CarreraEst) VALUES ('a118','a','b','Ingenieria de Materiales');
INSERT INTO dycicle.GESTION VALUES ('a118','Brasil','Universidad Estadual de Campinas','5','4','1','4','2','4','4','4','4','4','1','4','1','4','5','0');

INSERT INTO dycicle.USUARIO VALUES ('a119','119@gmai.com',5,'a','123456','now');
INSERT INTO dycicle.ESTUDIANTE (NombreUsuario,PrimerNombre,PrimerApellido,CarreraEst) VALUES ('a119','a','b','Ingenieria de Materiales');
INSERT INTO dycicle.GESTION VALUES ('a119','Brasil','Universidad Estadual de Campinas','2','5','3','1','4','0','4','1','4','5','4','4','2','2','2','1');

INSERT INTO dycicle.USUARIO VALUES ('a120','120@gmai.com',5,'a','123456','now');
INSERT INTO dycicle.ESTUDIANTE (NombreUsuario,PrimerNombre,PrimerApellido,CarreraEst) VALUES ('a120','a','b','Ingenieria de Computacion');
INSERT INTO dycicle.GESTION VALUES ('a120','Polonia','AGH Universidad de Ciencias y Tecnologia','3','3','5','1','3','5','4','2','2','5','1','1','5','5','1','3');

INSERT INTO dycicle.USUARIO VALUES ('a121','121@gmai.com',5,'a','123456','now');
INSERT INTO dycicle.ESTUDIANTE (NombreUsuario,PrimerNombre,PrimerApellido,CarreraEst) VALUES ('a121','a','b','Ingenieria de Computacion');
INSERT INTO dycicle.GESTION VALUES ('a121','Brasil','Universidad Estadual de Campinas','4','3','5','2','4','0','1','5','4','3','1','2','5','5','5','1');

INSERT INTO dycicle.USUARIO VALUES ('a122','122@gmai.com',5,'a','123456','now');
INSERT INTO dycicle.ESTUDIANTE (NombreUsuario,PrimerNombre,PrimerApellido,CarreraEst) VALUES ('a122','a','b','Ingenieria de Materiales');
INSERT INTO dycicle.GESTION VALUES ('a122','Alemania','Universidad de Siegen','4','5','3','5','3','3','5','3','1','0','4','2','1','5','2','0');

INSERT INTO dycicle.USUARIO VALUES ('a123','123@gmai.com',5,'a','123456','now');
INSERT INTO dycicle.ESTUDIANTE (NombreUsuario,PrimerNombre,PrimerApellido,CarreraEst) VALUES ('a123','a','b','Ingenieria de Computacion');
INSERT INTO dycicle.GESTION VALUES ('a123','Brasil','Universidad Estadual de Campinas','5','1','3','1','4','5','5','5','5','5','1','2','2','0','5','5');

INSERT INTO dycicle.USUARIO VALUES ('a124','124@gmai.com',5,'a','123456','now');
INSERT INTO dycicle.ESTUDIANTE (NombreUsuario,PrimerNombre,PrimerApellido,CarreraEst) VALUES ('a124','a','b','Ingenieria de Computacion');
INSERT INTO dycicle.GESTION VALUES ('a124','Alemania','Universidad de Siegen','2','0','3','2','3','4','3','2','0','4','4','2','3','3','5','5');

INSERT INTO dycicle.USUARIO VALUES ('a125','125@gmai.com',5,'a','123456','now');
INSERT INTO dycicle.ESTUDIANTE (NombreUsuario,PrimerNombre,PrimerApellido,CarreraEst) VALUES ('a125','a','b','Ingenieria de Computacion');
INSERT INTO dycicle.GESTION VALUES ('a125','Alemania','Universidad de Siegen','1','4','3','4','2','3','4','5','4','1','4','2','5','5','4','5');

INSERT INTO dycicle.USUARIO VALUES ('a126','126@gmai.com',5,'a','123456','now');
INSERT INTO dycicle.ESTUDIANTE (NombreUsuario,PrimerNombre,PrimerApellido,CarreraEst) VALUES ('a126','a','b','Ingenieria de Computacion');
INSERT INTO dycicle.GESTION VALUES ('a126','Brasil','Universidad Estadual de Campinas','3','0','0','1','0','1','2','3','1','0','0','1','3','3','5','4');

INSERT INTO dycicle.USUARIO VALUES ('a127','127@gmai.com',5,'a','123456','now');
INSERT INTO dycicle.ESTUDIANTE (NombreUsuario,PrimerNombre,PrimerApellido,CarreraEst) VALUES ('a127','a','b','Ingenieria de Computacion');
INSERT INTO dycicle.GESTION VALUES ('a127','Polonia','AGH Universidad de Ciencias y Tecnologia','5','1','1','4','1','2','1','5','5','1','1','0','3','2','0','2');

INSERT INTO dycicle.USUARIO VALUES ('a128','128@gmai.com',5,'a','123456','now');
INSERT INTO dycicle.ESTUDIANTE (NombreUsuario,PrimerNombre,PrimerApellido,CarreraEst) VALUES ('a128','a','b','Ingenieria de Materiales');
INSERT INTO dycicle.GESTION VALUES ('a128','Colombia','Universidad del Valle','5','5','3','3','5','4','5','0','0','3','4','2','1','1','4','2');

INSERT INTO dycicle.USUARIO VALUES ('a129','129@gmai.com',5,'a','123456','now');
INSERT INTO dycicle.ESTUDIANTE (NombreUsuario,PrimerNombre,PrimerApellido,CarreraEst) VALUES ('a129','a','b','Ingenieria de Materiales');
INSERT INTO dycicle.GESTION VALUES ('a129','Argentina','Universidad Nacional de Cuyo','2','1','5','5','3','1','3','3','1','5','5','2','4','2','4','2');

INSERT INTO dycicle.USUARIO VALUES ('a130','130@gmai.com',5,'a','123456','now');
INSERT INTO dycicle.ESTUDIANTE (NombreUsuario,PrimerNombre,PrimerApellido,CarreraEst) VALUES ('a130','a','b','Ingenieria de Computacion');
INSERT INTO dycicle.GESTION VALUES ('a130','Polonia','AGH Universidad de Ciencias y Tecnologia','0','5','2','5','2','3','3','0','5','1','4','2','2','1','5','0');

INSERT INTO dycicle.USUARIO VALUES ('a131','131@gmai.com',5,'a','123456','now');
INSERT INTO dycicle.ESTUDIANTE (NombreUsuario,PrimerNombre,PrimerApellido,CarreraEst) VALUES ('a131','a','b','Ingenieria de Materiales');
INSERT INTO dycicle.GESTION VALUES ('a131','Colombia','Universidad del Valle','2','5','3','1','1','1','4','3','2','2','5','0','5','1','3','5');

INSERT INTO dycicle.USUARIO VALUES ('a132','132@gmai.com',5,'a','123456','now');
INSERT INTO dycicle.ESTUDIANTE (NombreUsuario,PrimerNombre,PrimerApellido,CarreraEst) VALUES ('a132','a','b','Ingenieria de Computacion');
INSERT INTO dycicle.GESTION VALUES ('a132','Argentina','Universidad Nacional de Cuyo','2','4','3','0','1','3','2','5','0','4','2','1','0','1','1','2');

INSERT INTO dycicle.USUARIO VALUES ('a133','133@gmai.com',5,'a','123456','now');
INSERT INTO dycicle.ESTUDIANTE (NombreUsuario,PrimerNombre,PrimerApellido,CarreraEst) VALUES ('a133','a','b','Ingenieria de Computacion');
INSERT INTO dycicle.GESTION VALUES ('a133','Alemania','Universidad de Siegen','1','3','2','5','4','2','3','2','2','4','5','1','0','3','2','5');

INSERT INTO dycicle.USUARIO VALUES ('a134','134@gmai.com',5,'a','123456','now');
INSERT INTO dycicle.ESTUDIANTE (NombreUsuario,PrimerNombre,PrimerApellido,CarreraEst) VALUES ('a134','a','b','Ingenieria de Computacion');
INSERT INTO dycicle.GESTION VALUES ('a134','Alemania','Universidad de Siegen','2','0','0','2','1','4','1','4','4','0','3','4','1','5','5','0');

INSERT INTO dycicle.USUARIO VALUES ('a135','135@gmai.com',5,'a','123456','now');
INSERT INTO dycicle.ESTUDIANTE (NombreUsuario,PrimerNombre,PrimerApellido,CarreraEst) VALUES ('a135','a','b','Ingenieria de Computacion');
INSERT INTO dycicle.GESTION VALUES ('a135','Brasil','Universidad Estadual de Campinas','0','4','5','2','0','0','0','2','0','2','3','1','1','5','5','5');

INSERT INTO dycicle.USUARIO VALUES ('a136','136@gmai.com',5,'a','123456','now');
INSERT INTO dycicle.ESTUDIANTE (NombreUsuario,PrimerNombre,PrimerApellido,CarreraEst) VALUES ('a136','a','b','Ingenieria de Materiales');
INSERT INTO dycicle.GESTION VALUES ('a136','Colombia','Universidad del Valle','4','2','1','3','2','4','1','0','3','3','5','4','4','2','2','2');

INSERT INTO dycicle.USUARIO VALUES ('a137','137@gmai.com',5,'a','123456','now');
INSERT INTO dycicle.ESTUDIANTE (NombreUsuario,PrimerNombre,PrimerApellido,CarreraEst) VALUES ('a137','a','b','Ingenieria de Materiales');
INSERT INTO dycicle.GESTION VALUES ('a137','Argentina','Universidad Nacional de Cuyo','0','5','2','1','4','0','0','4','0','2','1','1','4','3','1','2');

INSERT INTO dycicle.USUARIO VALUES ('a138','138@gmai.com',5,'a','123456','now');
INSERT INTO dycicle.ESTUDIANTE (NombreUsuario,PrimerNombre,PrimerApellido,CarreraEst) VALUES ('a138','a','b','Ingenieria de Materiales');
INSERT INTO dycicle.GESTION VALUES ('a138','Bolivia','Universidad Privada Santa Cruz de la Sierra','3','1','1','4','0','3','1','1','3','0','0','3','1','2','5','2');

INSERT INTO dycicle.USUARIO VALUES ('a139','139@gmai.com',5,'a','123456','now');
INSERT INTO dycicle.ESTUDIANTE (NombreUsuario,PrimerNombre,PrimerApellido,CarreraEst) VALUES ('a139','a','b','Ingenieria de Computacion');
INSERT INTO dycicle.GESTION VALUES ('a139','Brasil','Universidad Estadual de Campinas','1','1','2','0','3','5','1','5','1','4','0','3','3','0','5','2');

INSERT INTO dycicle.USUARIO VALUES ('a140','140@gmai.com',5,'a','123456','now');
INSERT INTO dycicle.ESTUDIANTE (NombreUsuario,PrimerNombre,PrimerApellido,CarreraEst) VALUES ('a140','a','b','Ingenieria de Materiales');
INSERT INTO dycicle.GESTION VALUES ('a140','Brasil','Universidad Estadual de Campinas','3','4','3','2','3','2','1','5','5','2','3','1','5','3','3','3');

INSERT INTO dycicle.USUARIO VALUES ('a141','141@gmai.com',5,'a','123456','now');
INSERT INTO dycicle.ESTUDIANTE (NombreUsuario,PrimerNombre,PrimerApellido,CarreraEst) VALUES ('a141','a','b','Ingenieria de Computacion');
INSERT INTO dycicle.GESTION VALUES ('a141','Argentina','Universidad Nacional de Cuyo','1','3','3','0','5','1','3','3','1','5','1','4','1','5','1','1');

INSERT INTO dycicle.USUARIO VALUES ('a142','142@gmai.com',5,'a','123456','now');
INSERT INTO dycicle.ESTUDIANTE (NombreUsuario,PrimerNombre,PrimerApellido,CarreraEst) VALUES ('a142','a','b','Ingenieria de Materiales');
INSERT INTO dycicle.GESTION VALUES ('a142','Brasil','Universidad Estadual de Campinas','1','0','4','4','4','2','5','0','5','3','1','5','0','2','5','5');

INSERT INTO dycicle.USUARIO VALUES ('a143','143@gmai.com',5,'a','123456','now');
INSERT INTO dycicle.ESTUDIANTE (NombreUsuario,PrimerNombre,PrimerApellido,CarreraEst) VALUES ('a143','a','b','Ingenieria de Materiales');
INSERT INTO dycicle.GESTION VALUES ('a143','Argentina','Universidad Nacional de Cuyo','4','4','2','3','1','2','0','1','4','2','2','3','1','4','2','2');

INSERT INTO dycicle.USUARIO VALUES ('a144','144@gmai.com',5,'a','123456','now');
INSERT INTO dycicle.ESTUDIANTE (NombreUsuario,PrimerNombre,PrimerApellido,CarreraEst) VALUES ('a144','a','b','Ingenieria de Computacion');
INSERT INTO dycicle.GESTION VALUES ('a144','Alemania','Universidad de Siegen','5','5','0','4','5','0','1','5','3','5','4','5','1','2','3','0');

INSERT INTO dycicle.USUARIO VALUES ('a145','145@gmai.com',5,'a','123456','now');
INSERT INTO dycicle.ESTUDIANTE (NombreUsuario,PrimerNombre,PrimerApellido,CarreraEst) VALUES ('a145','a','b','Ingenieria de Materiales');
INSERT INTO dycicle.GESTION VALUES ('a145','Bolivia','Universidad Privada Santa Cruz de la Sierra','0','1','0','0','3','2','1','2','5','1','1','1','3','0','5','0');

INSERT INTO dycicle.USUARIO VALUES ('a146','146@gmai.com',5,'a','123456','now');
INSERT INTO dycicle.ESTUDIANTE (NombreUsuario,PrimerNombre,PrimerApellido,CarreraEst) VALUES ('a146','a','b','Ingenieria de Computacion');
INSERT INTO dycicle.GESTION VALUES ('a146','Brasil','Universidad Estadual de Campinas','3','5','3','2','1','4','5','3','3','1','1','5','2','2','0','5');

INSERT INTO dycicle.USUARIO VALUES ('a147','147@gmai.com',5,'a','123456','now');
INSERT INTO dycicle.ESTUDIANTE (NombreUsuario,PrimerNombre,PrimerApellido,CarreraEst) VALUES ('a147','a','b','Ingenieria de Computacion');
INSERT INTO dycicle.GESTION VALUES ('a147','Brasil','Universidad Estadual de Campinas','2','4','0','3','2','1','3','2','3','0','0','5','2','1','0','4');

INSERT INTO dycicle.USUARIO VALUES ('a148','148@gmai.com',5,'a','123456','now');
INSERT INTO dycicle.ESTUDIANTE (NombreUsuario,PrimerNombre,PrimerApellido,CarreraEst) VALUES ('a148','a','b','Ingenieria de Materiales');
INSERT INTO dycicle.GESTION VALUES ('a148','Bolivia','Universidad Privada Santa Cruz de la Sierra','3','2','4','0','0','4','5','2','0','5','1','0','3','1','2','1');

INSERT INTO dycicle.USUARIO VALUES ('a149','149@gmai.com',5,'a','123456','now');
INSERT INTO dycicle.ESTUDIANTE (NombreUsuario,PrimerNombre,PrimerApellido,CarreraEst) VALUES ('a149','a','b','Ingenieria de Computacion');
INSERT INTO dycicle.GESTION VALUES ('a149','Polonia','AGH Universidad de Ciencias y Tecnologia','3','3','0','0','5','2','4','2','0','5','0','5','2','1','0','0');

INSERT INTO dycicle.USUARIO VALUES ('a150','150@gmai.com',5,'a','123456','now');
INSERT INTO dycicle.ESTUDIANTE (NombreUsuario,PrimerNombre,PrimerApellido,CarreraEst) VALUES ('a150','a','b','Ingenieria de Materiales');
INSERT INTO dycicle.GESTION VALUES ('a150','Colombia','Universidad del Valle','4','2','1','2','3','2','2','3','1','0','2','4','5','2','3','2');

